TAXON	F1M.1	F1M.2	F1M.3	F1T1.1	F1T1.2	F1T1.3	F1T2.1	F1T2.2	F1T2.3	F2M.1	F2M.2	F2M.3	F2T1.1	F2T1.2	F2T1.3	F2T2.1	F2T2.2	F2T2.3	F3M.1	F3M.2	F3M.3	F3T1.1	F3T1.2	F3T1.3	F3T2.1	F3T2.2	F3T2.3	F4M.1	F4M.2	F4M.3	F4T1.1	F4T1.2	F4T1.3	F4T2.1	F4T2.2	F4T2.3	F5T1.1
Peptostreptococcaceae_incertae_sedis	0.00025412960609911054	0.0	0.0	0.0	0.0	0.0	0.0001936108422071636	0.001021972406745018	0.0	0.0	0.0	0.0	0.00032109600770630417	0.000693000693000693	0.0	0.00042884711600314486	0.0	0.0	0.00019615535504119262	0.00042087542087542086	6.601967386281111e-05	0.0	0.0	0.0005773672055427252	0.00045951189625242504	0.00019821605550049553	0.00372362432767894	0.0006526941765175141	0.0	0.00032562683165092806	0.0	0.0	0.0	0.0	0.0	0.0	0.0
Atopobium	0.0	0.0	0.0	0.0	0.0	0.0	0.0	0.0	0.0	0.0	0.0	0.0	0.0	0.0	0.0	0.0	0.0	0.0	0.0	0.0	0.0	0.0	0.0	0.0	0.0	0.0	0.0	7.252157516861267e-05	0.0	0.0	8.378016085790885e-05	0.0	0.0	0.0	0.0	0.0	0.0
Dialister	0.0	0.0005558643690939411	0.0	0.007014809041309435	0.00860479409956976	0.0	0.0032268473701193945	0.001021972406745018	0.0038572806171648993	0.0001295840352468576	0.0	0.0	0.011666488279995718	0.009355509355509356	0.01254125412541253	0.0	0.0	0.0042935206869633095	0.010723159408918529	0.008627946127946129	0.014359279065161323	0.00010165700925078785	0.0	0.0	0.033033799652813625	0.042220019821605385	0.03185767480347533	0.010153020523605767	0.028928136419001257	0.015630087919244535	8.378016085790885e-05	0.0	0.0012594458438287153	0.03274936868686852	0.012165978709537258	0.027478448275862086	0.0
Acidaminobacter	0.0	0.0	0.0	0.0	0.0006146281499692685	0.0	0.00012907389480477574	0.0	0.0	0.0001295840352468576	0.0	0.0	0.0	0.0	0.0	0.0	0.0	0.0	6.53851183470642e-05	0.0	0.0	0.0	0.0	0.0	0.0	0.0	0.0	7.252157516861267e-05	0.0	0.0	0.0	0.0	0.0	0.0	0.0	0.0	0.0
Gemella	0.0	0.0	0.0	0.0	0.0	0.0	0.0	0.0	0.0	0.0	0.0	0.0	0.0	0.0	0.0	7.147451933385748e-05	0.0	0.0	0.0	0.0	3.3009836931405556e-05	0.0	0.0	0.0	5.1056877361380575e-05	0.0	0.0	0.0	0.0	0.0	0.0	0.0	0.0	0.0	0.0	0.0	0.0
Caloranaerobacter	0.0	0.0	0.0	0.0	0.0	0.0	6.453694740238787e-05	0.0	0.0	0.0	0.0	0.0	0.0	0.0	0.0	0.0	0.0	0.0	0.0	0.0	0.0	0.0	0.0	0.0	0.0	0.0	0.0	0.0	0.0	0.0	0.0	0.0	0.0	0.0	0.0	0.0	0.0
Succiniclasticum	0.0	0.0	0.0	0.0	0.0	0.0	6.453694740238787e-05	0.0	0.0	0.0	0.0	0.0	0.0	0.0	0.0	0.0	0.0	0.0	0.0	0.0	0.0	0.0	0.0	0.0	0.0	0.0	0.0	0.0	0.0	0.0	0.0	0.0009478672985781991	0.0	0.0	0.0	0.0	0.0
Pyramidobacter	0.0	0.0	0.0	0.0	0.0	0.0	0.0	0.0	0.0	0.0	0.0	0.0	0.0	0.0	0.0	0.0	0.0	0.0	0.0	0.0	0.0	0.0	0.0	0.0	0.0	0.0	0.0	0.003988686634273697	0.0003045066991473812	0.0	0.0	0.0	0.0	0.0	0.0	0.0	0.0
Veillonella	0.0	0.0	0.0	0.0	0.0	4.9281718946356846e-05	0.0	0.0	0.0	0.0	0.0	0.0	0.0	0.0	0.0	0.0	0.0	0.00039032006245121	0.0	0.0	9.902951079421667e-05	0.0002033140185015757	0.0005059448520111307	0.0	0.004544062085162866	0.0	0.0	0.0	0.001218026796589525	0.0	0.0	0.0	0.0012594458438287153	7.891414141414142e-05	0.00021724961981316532	0.0	0.0
Tardiphaga	0.0	0.0	0.0	0.0	0.0	0.0	6.453694740238787e-05	0.0	0.0	0.0	0.0	0.0	0.0	0.0	0.0	0.0	0.0	0.0	0.0	0.0	0.0	0.0	0.0	0.0	0.0	0.0	0.0	0.0	0.0	0.0	0.0	0.0	0.0	0.0	0.0	0.0	0.0
Psychrilyobacter	0.0	0.0	0.0	0.0	0.0	0.0	6.453694740238787e-05	0.0	0.0	0.0	0.0	0.0	0.0	0.0	0.0	0.0	0.0	0.0	0.0	0.0	0.0	0.0	0.0	0.0	0.0	0.0	0.0	0.0	0.0	0.0	0.0	0.0	0.0	0.0	0.0	0.0	0.0
Ignavigranum	0.0	0.0	0.0	0.0	0.0	0.0	0.0	0.0	0.0	0.0	0.0	0.0	0.0	0.0	0.0	0.0	0.0	0.0	0.0	0.0	0.0	0.0	0.0	0.0	0.0	0.0	0.0	0.0	0.0	0.0006512536633018561	0.0	0.0	0.0	0.0	0.0	0.0	0.0
Sneathia	0.0	0.0	0.0	0.0	0.0	0.0	0.0	0.0	0.0	0.0	0.0	0.0	0.0	0.0	0.0	0.0	0.0	0.0	0.0	0.0	0.0	0.0	0.0	0.0	0.0	0.0	0.0	0.000217564725505838	0.0	0.0	0.0	0.0	0.0	0.0	0.0	0.0	0.0
Bilophila	0.0006353240152477764	0.0	0.003196022727272728	0.0003117692907248636	0.0006146281499692685	7.392257841953527e-05	0.0007099064214262668	0.001021972406745018	0.00048216007714561236	0.0001295840352468576	0.00023121387283236994	0.0	0.003960184095044418	0.0027720027720027724	0.0	0.0	0.0	0.00039032006245121	0.0012423172485942198	0.0	0.0011223344556677889	0.0004066280370031514	0.0	0.0022132409545804472	0.0002042275094455223	0.0	0.0	0.000217564725505838	0.00243605359317905	0.0016281341582546403	0.0	0.0009478672985781991	0.0	0.0	0.0	0.0016163793103448276	0.00041476565740356696
Adlercreutzia	0.0	0.0	0.0	0.0	0.0006146281499692685	0.0	0.0002581477896095515	0.0	0.00048216007714561236	0.0	0.0	0.0	0.0	0.0	0.0	0.0	0.0	0.0	0.0	0.0	0.0	0.0	0.0	0.0	0.0	0.0	0.0	7.252157516861267e-05	0.0	0.0	0.0	0.0	0.0	0.0	0.0	0.0	0.0
Allisonella	0.0	0.0	0.0	0.0003117692907248636	0.0006146281499692685	0.0	0.00012907389480477574	0.0	0.00048216007714561236	0.0	0.0	0.0	0.0	0.0	0.0	0.0	0.0	0.0	0.0003923107100823852	0.0014730639730639729	0.0012873836403248166	0.0	0.0	9.622786759045419e-05	0.0005105687736138056	0.0	0.0	0.00029008630067445067	0.0003045066991473812	0.0	0.0	0.0	0.0	0.00055239898989899	0.00021724961981316532	0.0	0.0
Streptococcus	0.00012706480304955527	0.11061700944969403	0.0007102272727272727	0.0	0.0	0.0002464085947317842	0.00012907389480477574	0.000510986203372509	0.00048216007714561236	0.0016845924582091487	0.005086705202312137	0.03343283582089547	0.0	0.0017325017325017325	0.0026402640264026403	0.0002858980773354299	0.000831946755407654	0.00351288056206089	0.0017653981953707333	0.0016835016835016832	0.01386413151119025	0.001931483175764969	0.006324310650139136	0.02097767513471901	0.0011743081793117532	0.001585728444003964	0.014067025237898226	0.0035535571832620216	0.005176613885505479	0.0009768804949527841	0.002345844504021449	0.002132701421800948	0.0012594458438287153	0.006234217171717163	0.0017379969585053225	0.0021551724137931034	0.00041476565740356696
Catellicoccus	0.0003811944091486658	0.0	0.0	0.0	0.0	2.4640859473178423e-05	0.0	0.0	0.0	0.0	0.0	0.0	0.0	0.0	0.0	0.0	0.0	0.0	0.0	0.0	0.0	0.0	0.0	0.0	0.0	0.0	0.0	0.0	0.0	0.0	0.0	0.0	0.0	0.0	0.0	0.0	0.0
Acetanaerobacterium	0.0003811944091486658	0.0	0.0014204545454545455	0.007794232268121596	0.00430239704978488	0.0002464085947317842	0.002904162633107455	0.002554931016862545	0.0009643201542912247	0.0003887521057405728	0.00023121387283236994	0.0	0.0	0.0017325017325017325	0.00033003300330033004	0.0006432706740047173	0.0	0.0	0.0002615404733882568	0.0	0.0004951475539710833	0.0005082850462539392	0.0	0.0002886836027713626	5.1056877361380575e-05	0.0	0.0	0.00297338458191312	0.0009135200974421437	0.0	0.0008378016085790886	0.00047393364928909954	0.0006297229219143577	0.0	0.00021724961981316532	0.0016163793103448276	0.0012442969722107008
Holdemania	0.0006353240152477764	0.0011117287381878821	0.003196022727272728	0.0	0.0	0.00017248601631224896	0.0002581477896095515	0.000510986203372509	0.0009643201542912247	0.000647920176234288	0.00023121387283236994	0.0	0.00042812801027507225	0.000693000693000693	0.00033003300330033004	0.00021442355800157246	0.00027731558513588466	0.0	0.0005230809467765136	0.00021043771043771043	0.0003631082062454611	0.0007115990647555149	0.0	0.00019245573518090838	0.00045951189625242504	0.0	0.0004137360364087712	0.0009427804771919649	0.0006090133982947625	0.00032562683165092806	0.0007540214477211797	0.0	0.0	0.0	0.0	0.0	0.0008295313148071339
Cronobacter	0.0	0.0	0.0003551136363636364	0.0	0.0	0.0	0.0	0.0	0.0	0.0	0.0	0.0	0.0	0.0	0.0	0.0	0.0	0.0	0.0	0.0	0.0	0.0	0.0	0.0	0.0	0.0	0.0	0.0	0.0	0.0	0.0	0.0	0.0	0.0	0.0	0.0	0.0
Granulicatella	0.0	0.0	0.0	0.0	0.0	0.0	0.0	0.0	0.0	0.0	0.0	0.0	0.0	0.0003465003465003465	0.0	0.0	0.0	0.0	0.0	0.0	0.0	0.0	0.0	0.0	5.1056877361380575e-05	0.00019821605550049553	0.0	0.0	0.0	0.0	0.0	0.0	0.0	0.0	0.0	0.0	0.0
Anaerorhabdus	0.0	0.0	0.0	0.0	0.0	0.0	0.0	0.0	0.0	0.0	0.0	0.0	0.0	0.0	0.0	0.0	0.0	0.0	0.0	0.0	0.0	0.0	0.0	0.0	0.0	0.0	0.0004137360364087712	0.0	0.0	0.0	0.0	0.0	0.0	0.0	0.0	0.0	0.0
Anaeroglobus	0.00012706480304955527	0.0	0.0	0.0004676539360872954	0.0	2.4640859473178423e-05	0.005550177476605358	0.007664793050587633	0.0077145612343297995	0.0	0.0	0.0	0.0	0.0	0.0	0.00021442355800157246	0.0	0.00039032006245121	0.00019615535504119262	0.0014730639730639729	0.0009242754340793555	0.0003049710277523635	0.0012648621300278269	0.0011547344110854503	0.00025528438680690285	0.0005946481665014866	0.002068680182043856	0.0009427804771919649	0.0003045066991473812	0.0013025073266037122	8.378016085790885e-05	0.0	0.0	0.0007891414141414141	0.0	0.0	0.0
Yokenella	0.00012706480304955527	0.0	0.0	0.0	0.0	0.0	0.0	0.0	0.0	0.0	0.0	0.0	0.0	0.0	0.0	0.0	0.0	0.0	0.0	0.0	0.0	0.00010165700925078785	0.0	0.0	0.0	0.0	0.0	0.0	0.0	0.0	0.0	0.0	0.0	0.0	0.0	0.0	0.0
Anaerovibrio	0.0	0.0	0.0	0.0	0.0	0.0	0.0002581477896095515	0.0	0.0	0.0002591680704937152	0.0	0.0	0.0	0.0	0.0	0.0	0.0	0.0	6.53851183470642e-05	0.0	0.0	0.0	0.0	0.0	0.0	0.00019821605550049553	0.0	0.0	0.0006090133982947625	0.0	0.0	0.0	0.0	0.0	0.0	0.0	0.0
Martelella	0.0	0.0	0.0	0.0	0.0	0.0	0.0	0.0	0.0	0.0	0.0	0.0	0.0	0.0	0.0	0.0	0.0	0.0	0.0	0.0	0.0	0.0	0.0	0.0	5.1056877361380575e-05	0.0	0.0	0.0	0.0	0.0	0.0	0.0	0.0	0.0	0.0	0.0	0.0
Pseudobutyrivibrio	0.0003811944091486658	0.0005558643690939411	0.0	0.0003117692907248636	0.001229256299938537	0.00029569031367814106	0.0004517586318167152	0.0	0.0	0.0003887521057405728	0.0	0.0	0.00032109600770630417	0.0	0.0	0.0010721177900078623	0.002773155851358847	0.00039032006245121	0.0001307702366941284	0.0	0.00016504918465702777	0.0007115990647555149	0.0015178345560333923	0.0	0.0005616256509751861	0.0	0.0	0.0	0.0	0.0	0.002094504021447722	0.00047393364928909954	0.0	0.0010258838383838383	0.000651748859439496	0.0	0.0008295313148071339
Acetohalobium	0.0	0.0	0.0	0.0	0.0	0.0	6.453694740238787e-05	0.000510986203372509	0.0	0.0	0.0	0.0	0.0	0.0	0.0	0.0	0.0	0.0	0.0	0.0	0.0	0.0	0.0	0.0	0.0	0.0	0.0	0.0	0.0	0.0	0.0	0.0	0.0	0.0	0.0	0.0	0.0
Slackia	0.0005082592121982211	0.0011117287381878821	0.0	0.0001558846453624318	0.001229256299938537	0.0	0.0	0.0	0.0	0.0	0.0	0.00029850746268656717	0.0	0.0	0.0	0.0	0.0	0.0	6.53851183470642e-05	0.0006313131313131313	0.0009242754340793555	0.0	0.0	0.0	0.0	0.0	0.0	0.001160345202697803	0.0006090133982947625	0.0	0.008880697050938342	0.0007109004739336493	0.0	0.0	0.0	0.0	0.0
Megamonas	0.0	0.0	0.0	0.0	0.0	0.0	0.0	0.0	0.0	0.02786056757807426	0.09595375722543349	0.1265671641791055	0.0	0.0	0.0	0.0	0.0	0.0	0.0	0.0	0.0	0.0	0.0	0.0	0.0	0.0	0.0	0.0	0.0	0.0	0.0	0.0	0.0	0.0	0.0	0.0	0.0
Raoultella	0.0	0.0	0.07705965909090919	0.0	0.0	0.0	0.0	0.0	0.0	0.0	0.0	0.0	0.0	0.0	0.0	0.0	0.0	0.0	0.0	0.0	0.0	0.0	0.0	0.0	0.0	0.0	0.0	0.0	0.0	0.0	0.0	0.0	0.0	0.0	0.0	0.0	0.0
Enterobacter	0.004447268106734435	0.003335186214563646	0.0	0.0	0.0	0.0	0.00012907389480477574	0.0	0.0	0.0	0.0	0.001791044776119403	0.0	0.0	0.0	0.0013580158673432926	0.0	0.00351288056206089	0.000326925591735321	0.0	3.3009836931405556e-05	0.00010165700925078785	0.0	0.0	0.0	0.0	0.0	0.00014504315033722533	0.0006090133982947625	0.00032562683165092806	0.0	0.006635071090047391	0.009445843828715364	0.0	0.000651748859439496	0.0	0.0
Phascolarctobacterium	0.009783989834815758	0.0016675931072818232	0.0	0.0	0.0	0.0	6.453694740238787e-05	0.0	0.0	0.0	0.0	0.0	0.0	0.0	0.00033003300330033004	0.0	0.0	0.0	0.0	0.0	6.601967386281111e-05	0.011690556063840571	0.0015178345560333923	0.013375673595073094	0.0	0.0	0.0	0.0009427804771919649	0.00243605359317905	0.0	0.0	0.00023696682464454977	0.0	0.0	0.0	0.0	0.00041476565740356696
Hydrogenobaculum	0.0	0.0	0.0	0.0010911925175370227	0.001229256299938537	0.007318335263534005	0.000580832526621491	0.002043944813490036	0.0024108003857280617	0.0	0.0	0.0	0.0	0.0	0.0	0.0	0.0	0.0	0.0	0.0	0.0	0.0	0.0	0.0	0.0	0.0	0.004137360364087711	0.0	0.0	0.0	0.0	0.0	0.0	0.0	0.0	0.0	0.0
Flavonifractor	0.0035578144853875486	0.005002779321845468	0.013849431818181811	0.0038971161340607932	0.004917025199754148	0.003425079466771788	0.009422394320748631	0.006642820643842615	0.01060752169720347	0.003757937022158873	0.001849710982658959	0.0011940298507462687	0.010917264262014342	0.013860013860013868	0.0036303630363036304	0.0035022514473590153	0.0011092623405435386	0.00312256049960968	0.004838498757682751	0.0018939393939393936	0.003036904997689318	0.005286164481040963	0.0	0.006351039260969981	0.004493005207801486	0.0035678889990089185	0.00372362432767894	0.012836318804844453	0.007003654080389765	0.0006512536633018561	0.007959115281501344	0.005213270142180093	0.003148614609571788	0.0	0.00043449923962633063	0.0032327586206896556	0.0037328909166321027
Anaerococcus	0.0	0.0	0.0	0.0	0.0	0.0	0.0	0.0	0.0	0.0	0.0	0.0	0.0	0.0	0.0	0.0	0.0	0.0	0.0	0.0	0.0	0.00010165700925078785	0.0	0.0	0.0	0.0	0.0	0.00036260787584306336	0.0	0.0	0.0	0.0	0.0	0.0	0.0	0.0	0.0
Arcanobacterium	0.0	0.0	0.0	0.0	0.0	0.0	0.0	0.0	0.0	0.0	0.0	0.0	0.0	0.0	0.0	0.0	0.0	0.0	0.0	0.0	0.0	0.0	0.0	0.0	5.1056877361380575e-05	0.0	0.0	0.0	0.0	0.0	0.0	0.0	0.0	0.0	0.0	0.0	0.0
Streptohalobacillus	0.0	0.0	0.0	0.0	0.0006146281499692685	0.0	0.0	0.0	0.0	0.0	0.0	0.0	0.0	0.0	0.0	0.0	0.0	0.0	0.0	0.0	0.0	0.0	0.0	0.0	0.0	0.0	0.0	0.0	0.0	0.0	0.0	0.0	0.0	0.0	0.0	0.0	0.0
Shuttleworthia	0.00012706480304955527	0.0	0.0	0.0	0.0	2.4640859473178423e-05	0.0001936108422071636	0.0	0.0014464802314368371	0.0	0.0	0.0	0.0	0.0	0.0	0.0	0.0	0.0	0.0	0.0	0.0	0.0	0.0	0.0	0.00015317063208414173	0.0	0.0	0.0	0.0	0.00032562683165092806	0.0	0.0	0.0	0.0	0.0	0.0	0.0
Desulfitibacter	0.0	0.0	0.0	0.0	0.0	0.0	0.0	0.0	0.0	0.0	0.0	0.0	0.0	0.0	0.0	0.0	0.0	0.0	0.0	0.0	0.0	0.0	0.0	0.0	0.0	0.0	0.0	7.252157516861267e-05	0.0	0.0	0.0	0.0	0.0	0.0	0.0	0.0	0.0
Oligotropha	0.0	0.0	0.0	0.0	0.0	0.0	0.0	0.0	0.0	0.0	0.0	0.0	0.0	0.0	0.0	7.147451933385748e-05	0.0	0.0	0.0	0.0	0.0	0.0	0.0	0.0	5.1056877361380575e-05	0.0	0.0	0.0	0.0	0.0	0.0	0.0	0.0	0.0	0.0	0.0	0.0
Paraprevotella	0.0	0.0	0.0	0.0	0.0	0.0	0.0	0.0	0.0	0.006738369832836603	0.0023121387283236987	0.0071641791044776085	0.0	0.0	0.00033003300330033004	0.0	0.0	0.0	0.0	0.0	0.0	0.0	0.0	0.0	0.0	0.0	0.0	0.0	0.0006090133982947625	0.0	0.0	0.0	0.0	0.0	0.0	0.0	0.0
Desulfovibrio	0.0	0.0	0.0	0.0009353078721745908	0.002458512599877074	0.0	0.0	0.0	0.0	0.0	0.0	0.0	0.0	0.0	0.0	0.0	0.0	0.0	0.0	0.0	0.0	0.0	0.0	0.0	0.0	0.0	0.0	0.00043512945101167606	0.0	0.0	0.0	0.0	0.0	0.0	0.0	0.0	0.0
Gracilibacter	0.0	0.0	0.0	0.0006235385814497272	0.0	0.0	0.000580832526621491	0.0035769034236075633	0.00048216007714561236	0.0	0.0	0.0	0.0	0.0	0.0	0.0	0.0	0.0	0.0	0.0	0.0	0.0	0.0	0.0	0.0	0.0	0.0	0.0	0.0	0.0	0.0	0.0	0.0	0.0	0.0	0.0	0.0
Zymophilus	0.00012706480304955527	0.0	0.0	0.0	0.0	0.0	0.0	0.0	0.0	0.0	0.0	0.0	0.0	0.0	0.0	0.0	0.00027731558513588466	0.0	0.0	0.0	3.3009836931405556e-05	0.00010165700925078785	0.0	0.0	5.1056877361380575e-05	0.0	0.0	0.0	0.0	0.0	0.0	0.0	0.0	0.0	0.0	0.0	0.0
Lacticigenium	0.0	0.0	0.0	0.0001558846453624318	0.0	0.0	6.453694740238787e-05	0.0	0.0	0.0	0.0	0.0	0.0	0.0	0.0	0.0	0.0	0.0	0.0	0.0	0.0	0.0	0.0	0.0	0.0	0.0	0.0	0.0	0.0	0.0	0.0	0.0	0.0	0.0	0.0	0.0	0.0
Parvimonas	0.0007623888182973317	0.0	0.0	0.0009353078721745908	0.003073140749846343	0.0007885075031417095	0.0061310100032268494	0.006642820643842615	0.01639344262295081	0.0	0.0	0.0	0.0	0.0	0.0	0.0	0.0	0.0	0.0	0.0	0.0	0.0	0.0	0.0	0.0	0.0	0.0008274720728175424	7.252157516861267e-05	0.0	0.0	0.0	0.0	0.0	0.0	0.0	0.0	0.0
Gemmiger	0.0005082592121982211	0.0011117287381878821	0.0003551136363636364	0.0014029618082618861	0.0018438844499078055	0.0016755784441761328	0.006324620845434013	0.002043944813490036	0.0159112825458052	0.0003887521057405728	0.0	0.0	0.0007492240179813764	0.003118503118503119	0.0019801980198019802	0.00014294903866771496	0.0	0.00039032006245121	0.000653851183470642	0.00021043771043771043	0.00033009836931405554	0.00010165700925078785	0.0	0.00038491147036181676	0.0	0.0	0.0004137360364087712	0.0026832982812386693	0.0006090133982947625	0.0	0.0007540214477211797	0.0	0.0	0.0	0.0	0.0	0.0008295313148071339
Desulfonispora	0.0	0.0	0.0	0.0001558846453624318	0.0	9.856343789271369e-05	0.00012907389480477574	0.0	0.0009643201542912247	0.0003887521057405728	0.0	0.0	0.0	0.0003465003465003465	0.0	0.0	0.0	0.0	0.0	0.0	0.00039611804317686664	0.00010165700925078785	0.0	0.00019245573518090838	0.00010211375472276115	0.0	0.0	0.0	0.0	0.0	0.00025134048257372655	0.00023696682464454977	0.0	0.0	0.0	0.0	0.0
Prevotella	0.0	0.0005558643690939411	0.0	0.0	0.0	0.0	0.0	0.0	0.00048216007714561236	0.15239082545030483	0.26358381502890166	0.2397014925373114	0.0	0.0	0.0	0.00014294903866771496	0.0	0.0	0.000326925591735321	0.0	0.0	0.00010165700925078785	0.0	9.622786759045419e-05	0.16664964770754453	0.3599603567889129	0.023169218038891166	0.024802378707665617	0.2283800243605373	0.3480950830348485	0.002932305630026811	0.07535545023696723	0.0	0.0	0.0	0.0	0.0
Phocaeicola	0.0	0.0	0.0	0.0	0.0	0.0	0.0	0.0	0.0	0.0	0.0	0.0	0.0	0.0	0.0	0.0	0.0	0.0	0.0	0.0	0.0	0.00010165700925078785	0.0	0.0	0.0	0.0	0.0	0.0	0.0	0.0	0.0	0.0	0.0	0.0	0.0	0.0	0.0
Anaerobiospirillum	0.0	0.0	0.0	0.0	0.0	0.0	0.0	0.0	0.0	0.0	0.0	0.0	0.0	0.0	0.0	0.0	0.0	0.0	0.0	0.0	0.0	0.0	0.0	0.0	0.0	0.0	0.0	0.0	0.0	0.0	0.0	0.0	0.0	0.0	0.000651748859439496	0.00538793103448276	0.0
Centipeda	0.00012706480304955527	0.0	0.0	0.0009353078721745908	0.0	0.0	0.0008389803162310426	0.000510986203372509	0.00048216007714561236	0.0	0.0	0.0	0.0	0.0	0.0	7.147451933385748e-05	0.0	0.0	0.0	0.0	0.0	0.0	0.0	0.0	0.0	0.0	0.0	0.0	0.0003045066991473812	0.0	0.0	0.0	0.0	0.0	0.0	0.0	0.0
Kiloniella	0.0	0.0	0.0	0.0001558846453624318	0.0	0.0	0.0	0.0	0.0	0.0	0.0	0.0	0.0	0.0	0.0	0.0	0.0	0.0	0.0	0.0	0.0	0.0	0.0	0.0	0.0	0.0	0.0	0.0	0.0	0.0	0.0	0.0	0.0	0.0	0.0	0.0	0.0
Pelospora	0.00012706480304955527	0.0	0.0	0.0	0.0	0.0	6.453694740238787e-05	0.0	0.0	0.0	0.0	0.0	0.0	0.0	0.0	0.0	0.0	0.0	0.0	0.0	0.0	0.0	0.0	0.0	0.0	0.0	0.0	0.0	0.0	0.0	0.0	0.0	0.0	0.0	0.0	0.0	0.0
Dethiosulfatibacter	0.0	0.0	0.0	0.0	0.0	2.4640859473178423e-05	0.00012907389480477574	0.0	0.0	0.0	0.0	0.0	0.0	0.0	0.0	0.0	0.0	0.0	0.0	0.0	0.0	0.0	0.0	0.0	0.0	0.0	0.0	0.0	0.0	0.0	0.0	0.0	0.0	0.0	0.0	0.0	0.0
Corynebacterium	0.0	0.0	0.0	0.0	0.0	0.0	6.453694740238787e-05	0.000510986203372509	0.0	0.0	0.0	0.0	0.0	0.0	0.0	0.0	0.0	0.0	6.53851183470642e-05	0.00042087542087542086	3.3009836931405556e-05	0.00010165700925078785	0.0	9.622786759045419e-05	0.0	0.0	0.0	7.252157516861267e-05	0.0	0.0	0.0	0.0	0.0	0.0	0.0	0.0	0.0
Proteiniclasticum	0.0	0.0	0.0	0.0	0.0006146281499692685	0.0	0.00012907389480477574	0.0	0.0	0.0	0.0	0.0	0.0	0.0	0.0	0.0	0.0	0.00039032006245121	0.0	0.0	0.0	0.0	0.0	0.0	0.0	0.0	0.0	7.252157516861267e-05	0.0	0.0	0.0	0.0	0.0	0.0	0.0	0.0	0.0
Parasporobacterium	0.0	0.0	0.0	0.0	0.0	0.0010841978168198505	0.0002581477896095515	0.0	0.00048216007714561236	0.0001295840352468576	0.0	0.0	0.00010703200256876806	0.0	0.0	0.0	0.00027731558513588466	0.0	0.00019615535504119262	0.0	0.00026407869545124445	0.0002033140185015757	0.0	9.622786759045419e-05	0.0	0.0	0.0	0.0	0.0	0.0006512536633018561	0.0	0.0	0.0	0.0	0.0	0.0	0.00041476565740356696
Nubsella	0.0	0.0	0.0	0.0	0.0	2.4640859473178423e-05	0.0014843497902549214	0.000510986203372509	0.0	0.0	0.0	0.0	0.0	0.0	0.0	0.0	0.0	0.0	0.0	0.0	0.0	0.0	0.0	0.0	0.0	0.0	0.0	0.0	0.0	0.0	0.0	0.0	0.0	0.0	0.0	0.0	0.0
Thorsellia	0.0	0.0	0.0	0.0	0.0	0.0	6.453694740238787e-05	0.0	0.0	0.0	0.0	0.0	0.0	0.0	0.0	0.0	0.0	0.0	0.0	0.0	0.0	0.0	0.0	0.0	0.0	0.0	0.0	0.0	0.0	0.0	0.0	0.0	0.0	0.0	0.0	0.0	0.0
Phaselicystis	0.0	0.0	0.0	0.0003117692907248636	0.0	0.0	0.0006453694740238789	0.000510986203372509	0.0	0.0	0.0	0.0	0.0	0.0	0.0	0.0	0.0	0.0	0.0	0.0	0.0	0.0	0.0	0.0	0.0	0.0	0.0	0.0	0.0	0.0	0.0	0.0	0.0	0.0	0.0	0.0	0.0
Clostridium sensu stricto	0.0	0.0	0.0	0.0001558846453624318	0.0	0.0	0.0	0.002043944813490036	0.0009643201542912247	0.004405857198393162	0.0	0.00029850746268656717	0.0	0.001386001386001386	0.0033003300330033004	0.0021442355800157255	0.0	0.014832162373145991	0.002288479142147247	0.0018939393939393936	0.0	0.004371251397783876	0.00025297242600556537	0.0006735950731331793	0.00015317063208414173	0.0	0.009929664873810511	0.0	0.0	0.0	0.0	0.0	0.0	0.00047348484848484855	0.0	0.0	0.0012442969722107008
Actinobaculum	0.0	0.0	0.0	0.0	0.0	0.0	6.453694740238787e-05	0.0	0.0	0.0	0.0	0.0	0.0	0.0	0.0	0.0	0.0	0.0	0.0	0.0	0.0	0.0	0.0	0.0	0.0	0.0	0.0	7.252157516861267e-05	0.0	0.0	0.0	0.0	0.0	0.0	0.0	0.0	0.0
Sporobacterium	0.0	0.0	0.0	0.0	0.0	0.0	0.0	0.0	0.0	0.0	0.0	0.0	0.0	0.0	0.0	0.0	0.0	0.0	0.0	0.0	0.0	0.0	0.0	0.0	0.0	0.0	0.0	0.0	0.0	0.0	0.0	0.0	0.0	0.0	0.0	0.0	0.00041476565740356696
Sporanaerobacter	0.0	0.0	0.0	0.0	0.0	0.0	6.453694740238787e-05	0.0	0.0	0.0	0.0	0.0	0.0	0.0	0.0	0.0	0.0	0.0	0.0	0.0	0.0	0.0	0.0	0.0	0.0	0.0	0.0	0.0	0.0	0.0	0.0	0.0	0.0	0.0	0.0	0.0	0.0
Barnesiella	0.0017789072426937743	0.002779321845469705	0.014559659090909083	0.028059236165237773	0.028887523048555623	0.0	0.00012907389480477574	0.0	0.0	0.000647920176234288	0.0006936416184971098	0.0	0.008455528202932676	0.009009009009009009	0.0019801980198019802	0.00014294903866771496	0.0	0.0	0.0	0.0	0.0	0.0029480532682728475	0.0	0.007313317936874524	0.005463085877667714	0.005351833498513381	0.004964832436905254	0.01116832257596635	0.013398294762484782	0.0	0.0	0.0	0.0	0.0	0.0	0.0	0.0
Enterorhabdus	0.0	0.0	0.0	0.0001558846453624318	0.0	0.0	0.0	0.0	0.0	0.0	0.0	0.0	0.0	0.0	0.0	0.0	0.0	0.0	0.0	0.0	0.0	0.0	0.0	0.0	0.0	0.0	0.0	0.0	0.0	0.0	0.0	0.0	0.0	0.0	0.0	0.0	0.0
Bradyrhizobium	0.0	0.0	0.0	0.0	0.0	0.0	0.0	0.0	0.0	0.0	0.0	0.0	0.0	0.0	0.0	0.0	0.0	0.0	0.0	0.0	0.0	0.0	0.0	0.0	0.0	0.0	0.0	0.00014504315033722533	0.0	0.0	0.0	0.0	0.0	0.0	0.0	0.0	0.0
Guggenheimella	0.0	0.0	0.0	0.0	0.0	0.0	0.0	0.0	0.0	0.0	0.0	0.0	0.0	0.0	0.0	0.0	0.0	0.0	0.0	0.0	0.0	0.0	0.0	0.0	5.1056877361380575e-05	0.0	0.0	0.0	0.0	0.0	0.0	0.0	0.0	0.0	0.0	0.0	0.0
Cryptanaerobacter	0.0	0.0	0.0	0.0	0.0	2.4640859473178423e-05	0.0	0.0	0.0	0.0	0.0	0.0	0.0	0.0	0.0	0.0	0.0	0.0	0.0	0.0	0.0	0.0	0.0	0.0	0.0	0.0	0.0	0.0	0.0	0.0	0.0	0.0	0.0	0.0	0.0	0.0	0.0
Actinomyces	0.0	0.0	0.0	0.0	0.0	4.9281718946356846e-05	0.00012907389480477574	0.0	0.0	0.0001295840352468576	0.0	0.0	0.0	0.0	0.0	0.00014294903866771496	0.0	0.0	0.0	0.0	9.902951079421667e-05	0.00010165700925078785	0.0	0.0	0.0	0.0	0.0	7.252157516861267e-05	0.0	0.0	0.0001675603217158177	0.00023696682464454977	0.0006297229219143577	7.891414141414142e-05	0.00021724961981316532	0.0	0.00041476565740356696
Paludibacter	0.0	0.0	0.0	0.0001558846453624318	0.0	0.0	0.0	0.0	0.0	0.0001295840352468576	0.0	0.0	0.0	0.0	0.0	7.147451933385748e-05	0.0	0.0	0.0	0.0	0.0	0.0	0.0	0.0	0.0	0.0	0.0	0.0	0.0	0.0	0.0	0.0	0.0	0.0	0.0	0.0	0.0
Bdellovibrio	0.0	0.0	0.0	0.0009353078721745908	0.0006146281499692685	0.0	0.0	0.0	0.0	0.0	0.0	0.0	0.0	0.0	0.0	0.0	0.0	0.0	0.0	0.0	0.0	0.0	0.0	0.0	0.0	0.0	0.0	0.0	0.0	0.0	0.0	0.0	0.0	0.0	0.0	0.0	0.0
Thermosyntropha	0.0	0.0	0.0	0.0	0.0	0.0	0.0	0.0	0.0	0.0	0.0	0.0	0.0	0.0	0.0	0.0	0.0	0.0	0.0	0.00021043771043771043	0.0	0.0	0.0	0.0	0.0	0.0	0.0	0.0	0.0	0.0	0.0	0.0	0.0	0.0	0.0	0.0	0.0
Simiduia	0.0	0.0	0.0	0.0031176929072486348	0.0	0.0	0.0	0.0	0.0	0.0	0.0	0.0	0.0	0.0	0.0	0.0	0.0	0.0	0.0	0.0	0.0	0.0	0.0	0.0	5.1056877361380575e-05	0.0	0.0	0.0	0.0	0.0	0.0	0.0	0.0	0.0	0.0	0.0	0.0
Terasakiella	0.0	0.0	0.0	0.0	0.0	0.0	0.0	0.0	0.0	0.0	0.0	0.0	0.0	0.0	0.0	0.0	0.0	0.0	0.0	0.0	0.0	0.0	0.0	0.0	5.1056877361380575e-05	0.0	0.0	0.0	0.0	0.0	0.0	0.0	0.0	0.0	0.0	0.0	0.0
Heliobacillus	0.0	0.0	0.0	0.0	0.0	0.0	0.0001936108422071636	0.0	0.0	0.0	0.0	0.0	0.0	0.0	0.0	0.0	0.0	0.0	0.0	0.0	0.0	0.0	0.0	0.0	0.0	0.0	0.0	0.0	0.0	0.0	0.0	0.0	0.0	0.0	0.0	0.0	0.0
Fusibacter	0.0010165184243964424	0.0	0.001065340909090909	0.0009353078721745908	0.001229256299938537	0.0	0.0016134236850596972	0.0	0.0009643201542912247	0.0	0.0	0.00029850746268656717	0.0	0.0010395010395010396	0.0	0.0002858980773354299	0.0	0.0	0.0003923107100823852	0.0006313131313131313	0.0003631082062454611	0.0002033140185015757	0.0	0.0	0.0002042275094455223	0.00019821605550049553	0.0004137360364087712	0.0	0.0	0.0	0.0003351206434316354	0.00047393364928909954	0.0	0.0	0.0	0.0	0.0
Alistipes	0.01588310038119441	0.04613674263479709	0.005326704545454545	0.027435697583788044	0.03872157344806388	0.047532217923762395	0.03981929654727314	0.07460398569238631	0.03134040501446477	0.008422962291045754	0.0071676300578034655	0.0026865671641791043	0.01048913625173927	0.01663201663201664	0.0029702970297029703	0.00021442355800157246	0.0	0.0	0.004446188047600366	0.0008417508417508417	0.0004951475539710833	0.003862966351529938	0.0010118897040222615	0.008564280215550424	0.025732666190136092	0.01962338949454905	0.01572196938353331	0.03379505402857364	0.015834348355663837	0.0013025073266037122	8.378016085790885e-05	0.005687203791469192	0.0012594458438287153	0.0	0.0	0.0	0.0029033596018249687
Streptophyta	0.0	0.0	0.0	0.0	0.0	0.0	0.0	0.0	0.0	0.0	0.0	0.0005970149253731343	0.0	0.0	0.0	0.0	0.0	0.0	0.0	0.00021043771043771043	0.0	0.00010165700925078785	0.0	0.0	0.0	0.0	0.0	0.0	0.0	0.0	0.0	0.0	0.0	0.0	0.0	0.0	0.0
Thermohydrogenium	0.0	0.0	0.0	0.0	0.0	0.0	6.453694740238787e-05	0.0	0.0	0.0	0.0	0.0	0.0	0.0	0.0	0.0	0.0	0.0	0.0	0.0	0.0	0.0	0.0	0.0	0.0	0.0	0.0	0.0	0.0	0.0	0.0	0.0	0.0	0.0	0.0	0.0	0.0
Bulleidia	0.0	0.0	0.0	0.0	0.0	0.0	0.0014843497902549214	0.0	0.0	0.0001295840352468576	0.0	0.0	0.0	0.0	0.0	7.147451933385748e-05	0.0	0.0	0.0	0.0	0.0	0.0	0.0	0.0	5.1056877361380575e-05	0.0	0.0	0.0	0.0	0.0	0.0	0.0	0.0	0.0	0.0	0.0	0.0
Turicibacter	0.0	0.0	0.0	0.0001558846453624318	0.0	0.0	0.002258793159083576	0.0015329586101175269	0.0019286403085824494	0.0005183361409874304	0.0	0.00029850746268656717	0.0	0.0	0.00033003300330033004	0.0	0.000831946755407654	0.0	6.53851183470642e-05	0.0	3.3009836931405556e-05	0.0003049710277523635	0.0027826966860612186	0.0029830638953040815	0.0018891044623710824	0.0	0.0045510964004964825	0.003481035608093409	0.0	0.0006512536633018561	0.0	0.0	0.0	0.0007891414141414141	0.0	0.0	0.0
Oribacterium	0.00025412960609911054	0.0	0.0	0.0012470771628994544	0.005531653349723417	4.9281718946356846e-05	0.003420458212326558	0.0015329586101175269	0.0033751205400192868	0.000647920176234288	0.003236994219653178	0.004776119402985073	0.0008562560205501445	0.0017325017325017325	0.008910891089108908	0.007361875491387313	0.014697726012201878	0.00351288056206089	0.0035307963907414666	0.005050505050505049	0.014392288902092728	0.00010165700925078785	0.0	0.0	0.0028081282548759307	0.002378592666005946	0.009929664873810511	0.000217564725505838	0.0015225334957369061	0.00032562683165092806	0.00041890080428954424	0.002132701421800948	0.0	0.0011047979797979798	0.00043449923962633063	0.0	0.0029033596018249687
Blautia	0.10292249047013863	0.06003335186214557	0.08309659090909094	0.017303195635229956	0.028272894898586354	0.06547076362023707	0.026847370119393064	0.015329586101175276	0.061234329797492694	0.06194116884799741	0.03953757225433525	0.08447761194029878	0.06207856148988448	0.07796257796257793	0.15907590759075943	0.1874061896933827	0.13227953410981688	0.15222482435597204	0.18157447364979432	0.13089225589225764	0.15887634515085347	0.21215817830640246	0.19327093346824997	0.15540800615857817	0.06841621566424987	0.04638255698711576	0.14315266859743514	0.09630865182391815	0.03136419001218031	0.06935851514164786	0.11444369973189925	0.06516587677725148	0.3217884130982379	0.26002209595960224	0.13121877036715163	0.22629310344827763	0.26130236416424574
Eubacterium	0.0	0.0	0.0	0.0003117692907248636	0.0	0.00017248601631224896	0.0005162955792191031	0.001021972406745018	0.00048216007714561236	0.0	0.00023121387283236994	0.0	0.0005351600128438403	0.0	0.0	0.0	0.0	0.0	0.0003923107100823852	0.0	3.3009836931405556e-05	0.0	0.0	0.00019245573518090838	0.0003063412641682834	0.00019821605550049553	0.0004137360364087712	7.252157516861267e-05	0.0	0.0	8.378016085790885e-05	0.0	0.0	0.0008680555555555555	0.0	0.0	0.0008295313148071339
Klebsiella	0.0	0.0	0.03196022727272726	0.0	0.0	0.0	0.0	0.0	0.0	0.0	0.0	0.0	0.0	0.0	0.0	0.0	0.0	0.0	0.0	0.0	0.0	0.0	0.0	0.0	0.0	0.0	0.0	0.0	0.0	0.00032562683165092806	0.0	0.0	0.0	0.0	0.00043449923962633063	0.0	0.0
Subdoligranulum	0.08195679796696229	0.07281823235130618	0.0003551136363636364	0.08495713172252449	0.12968653964351515	0.022571027277431554	0.02284607938044512	0.008175779253960142	0.018322082931533257	0.008163794220552039	0.004161849710982658	0.01223880597014926	0.015733704377608904	0.03465003465003463	0.043894389438943936	0.02165677935815893	0.015806988352745417	0.00273224043715847	0.047731136393356834	0.029882154882154843	6.601967386281111e-05	0.0008132560740063028	0.0005059448520111307	0.004234026173979987	0.0031144695190442133	0.00019821605550049553	0.007033512618949111	0.03589817970846342	0.018879415347137656	0.0009768804949527841	0.12466487935656329	0.0033175355450236962	0.0	0.0	0.0	0.0005387931034482759	0.3654085441725392
Parasutterella	0.00025412960609911054	0.0	0.0	0.0001558846453624318	0.001229256299938537	2.4640859473178423e-05	0.0004517586318167152	0.004598875830352581	0.0	0.0001295840352468576	0.0	0.0	0.0	0.0	0.0	0.0	0.0	0.0	0.0	0.00042087542087542086	0.0026407869545124487	0.0	0.0	0.027040030792917686	5.1056877361380575e-05	0.0	0.0	0.0	0.002131546894031669	0.0	0.0	0.0	0.0	0.0006313131313131314	0.009993482511405605	0.0010775862068965517	0.0029033596018249687
Anaerofustis	0.0	0.0	0.0	0.0004676539360872954	0.0006146281499692685	0.006258778306187323	0.0002581477896095515	0.000510986203372509	0.0009643201542912247	0.0	0.0	0.0	0.0	0.0	0.0	0.0	0.0	0.0	0.0	0.0	0.0	0.0	0.0	0.0	0.0	0.0	0.0	0.000217564725505838	0.0	0.0	0.0	0.0	0.0	0.0	0.0	0.0	0.0
Tepidanaerobacter	0.0	0.0	0.0	0.0001558846453624318	0.0	0.0	0.0001936108422071636	0.000510986203372509	0.0	0.0	0.0	0.0	0.0	0.0	0.0	0.0	0.0	0.0	0.0	0.0	0.0	0.0	0.0	0.0	0.0	0.0	0.0	0.0	0.0	0.0	0.0	0.0	0.0	0.0	0.0	0.0	0.0
Saccharofermentans	0.0003811944091486658	0.0	0.0	0.000779423226812159	0.0006146281499692685	7.392257841953527e-05	0.0013552758954501456	0.000510986203372509	0.0019286403085824494	0.0	0.0	0.0	0.0	0.0003465003465003465	0.0	0.0	0.0	0.0	6.53851183470642e-05	0.0	9.902951079421667e-05	0.0002033140185015757	0.0	0.0	5.1056877361380575e-05	0.0	0.0	0.0	0.0	0.0	0.0	0.0	0.0	7.891414141414142e-05	0.0	0.0005387931034482759	0.0
Cloacibacillus	0.0	0.0	0.0	0.0	0.0	0.0	0.0007099064214262668	0.0	0.00048216007714561236	0.0001295840352468576	0.0	0.0	0.0	0.0	0.0	0.0	0.0	0.0	0.0	0.0	0.0	0.0	0.0	0.0	0.0	0.0	0.0	0.0	0.0	0.0	0.0	0.0	0.0	0.0	0.0	0.0	0.0
Galenea	0.0	0.0005558643690939411	0.0	0.0	0.0	0.0	0.0003872216844143273	0.001021972406745018	0.0	0.0	0.0	0.0	0.0	0.0	0.0	0.0	0.0	0.0	0.0	0.0	0.0	0.0	0.0	0.0	0.0	0.0	0.0	0.0	0.0	0.0	0.0	0.0	0.0	0.0	0.0	0.0	0.0
Mahella	0.0	0.0011117287381878821	0.0	0.0015588464536243178	0.0006146281499692685	0.0002464085947317842	0.0061310100032268494	0.007153806847215124	0.011571841851494694	0.0	0.0	0.0	0.0	0.0	0.0	0.0	0.0	0.0	0.0	0.0	0.0	0.0	0.0	0.0	0.0	0.0	0.0	0.0	0.0	0.0	0.0	0.0	0.0	0.0	0.0	0.0	0.0
Pluralibacter	0.0006353240152477764	0.0	0.0	0.0	0.0	0.0	6.453694740238787e-05	0.0	0.0	0.0	0.0	0.00029850746268656717	0.0	0.0	0.0	7.147451933385748e-05	0.0	0.00039032006245121	6.53851183470642e-05	0.0	0.0	0.0	0.0	0.0	0.0	0.0	0.0	0.00014504315033722533	0.0003045066991473812	0.0	0.0	0.0	0.0006297229219143577	0.0	0.0	0.0	0.0
Peptococcus	0.0005082592121982211	0.003335186214563646	0.0	0.0037412314886983615	0.0	0.0	0.0030332365279122308	0.004598875830352581	0.018322082931533257	0.0001295840352468576	0.0	0.0	0.0	0.0	0.0	0.0	0.00027731558513588466	0.0	0.0	0.0	0.0	0.0	0.0	0.0	0.00010211375472276115	0.0	0.002068680182043856	0.0	0.0	0.00032562683165092806	0.0	0.0	0.0	0.0	0.0	0.0	0.00041476565740356696
Constrictibacter	0.0	0.0	0.0	0.0	0.0	0.0	6.453694740238787e-05	0.0	0.0	0.0	0.0	0.0	0.0	0.0	0.0	0.0	0.0	0.0	0.0	0.0	0.0	0.0	0.0	0.0	0.0	0.0	0.0	0.0	0.0	0.0	0.0	0.0	0.0	0.0	0.0	0.0	0.0
Dorea	0.009402795425667092	0.008337965536409114	0.004616477272727273	0.0031176929072486348	0.001229256299938537	0.001577015006283419	0.0038076798967408856	0.0	0.0024108003857280617	0.01567966826486979	0.01826589595375722	0.02895522388059698	0.01712512041100289	0.01732501732501733	0.02046204620462043	0.04238438996497753	0.04714364947310035	0.037080405932864983	0.015757813521642475	0.016203703703703727	0.024889417046279973	0.029683846701230185	0.014419428282317213	0.020688991531947646	0.022107627897477958	0.016451932606541143	0.024824162184526245	0.04655885125824955	0.010048721071863581	0.02474763920547051	0.057975871313672954	0.02748815165876774	0.0	0.04474431818181836	0.01868346730393222	0.015624999999999993	0.0136872666943177
Fabibacter	0.0	0.0	0.0	0.0	0.0	0.0	0.0	0.0	0.0	0.0	0.0	0.0	0.0	0.0	0.0	0.0	0.0	0.0	0.0	0.0	0.0	0.0	0.0	0.0	0.0	0.0	0.0	0.00014504315033722533	0.0	0.0	0.0	0.0	0.0	0.0	0.0	0.0	0.0
Garciella	0.0	0.0	0.0	0.0004676539360872954	0.0	0.0	0.0005162955792191031	0.002043944813490036	0.00048216007714561236	0.0	0.0	0.0	0.0	0.0	0.0	0.0	0.0	0.0	0.0	0.0	0.0	0.0	0.0	0.0	0.0	0.0	0.0	0.0	0.0	0.0	0.0	0.0	0.0	0.0	0.0	0.0	0.0
Isobaculum	0.0	0.0	0.0	0.0003117692907248636	0.0	0.0001232042973658921	0.0010325911584382062	0.000510986203372509	0.0	0.0	0.0	0.0	0.0	0.0	0.0	0.00014294903866771496	0.0	0.0	0.00019615535504119262	0.0	0.0003631082062454611	0.0002033140185015757	0.00025297242600556537	9.622786759045419e-05	0.0	0.0	0.0	0.0	0.0	0.0	0.0	0.0	0.0	0.00023674242424242425	0.0	0.0	0.0
Fervidicella	0.0	0.0	0.0	0.0	0.0	0.0	0.0001936108422071636	0.000510986203372509	0.0	0.0	0.0	0.0	0.0	0.0	0.0	0.0	0.0	0.0	0.0	0.0	0.0	0.0	0.0	0.0	0.0	0.0	0.0004137360364087712	0.0	0.0	0.0	0.0	0.0	0.0	0.0	0.0	0.0	0.0
Moryella	0.0	0.0	0.0003551136363636364	0.0	0.0	9.856343789271369e-05	0.001807034527266861	0.007664793050587633	0.0024108003857280617	0.0	0.0	0.0	0.0	0.0	0.0	0.0	0.0	0.0	6.53851183470642e-05	0.0	3.3009836931405556e-05	0.0	0.0	0.0	5.1056877361380575e-05	0.0	0.0	0.0	0.0	0.0	0.0	0.0	0.0	0.0	0.0	0.0	0.0
Petrimonas	0.0	0.0	0.0	0.0009353078721745908	0.001229256299938537	0.0	0.0	0.0	0.0	0.0	0.0	0.0	0.0	0.0	0.0	0.0	0.0	0.0	0.0	0.0	0.0	0.0	0.0	0.0	0.0	0.0	0.0	0.0	0.0	0.0	0.0	0.0	0.0	0.0	0.0	0.0	0.0
Soehngenia	0.0	0.0	0.0	0.0001558846453624318	0.0	0.0	6.453694740238787e-05	0.0	0.0	0.0	0.0	0.0	0.0	0.0	0.0	0.0	0.0	0.0	0.0	0.0	0.0	0.0	0.0	0.0	5.1056877361380575e-05	0.0	0.0	0.0	0.0	0.0	0.0	0.0	0.0	0.0	0.0	0.0	0.0
Lachnoanaerobaculum	0.0	0.0	0.0	0.0003117692907248636	0.001229256299938537	0.00019712687578542738	0.0061310100032268494	0.002554931016862545	0.004339440694310512	0.0001295840352468576	0.0	0.0	0.00021406400513753612	0.0	0.0	0.0	0.0	0.0	0.0	0.0	0.0	0.0	0.0	0.0	0.00015317063208414173	0.0	0.0016549441456350847	0.0	0.0	0.0	0.00025134048257372655	0.0	0.0	0.00015782828282828284	0.0	0.0	0.0
Faecalibacterium	0.19326556543837123	0.1967759866592546	0.1044034090909089	0.15744349181605222	0.1339889366933	0.19357859202129735	0.06847370119393349	0.10424118548799156	0.05641272902603658	0.20966696902941215	0.1611560693641618	0.11253731343283664	0.04045809697099403	0.06306306306306322	0.15577557755775603	0.057179615467085644	0.03937881308929559	0.05503512880562066	0.07918137831829565	0.04313973063973054	0.08070905129728476	0.028463962590220715	0.005312420946116873	0.07977290223248586	0.18365158786888133	0.15302279484638162	0.13074058750517226	0.008339981144390439	0.04019488428745439	0.00032562683165092806	0.01516420911528151	0.0018957345971563984	0.0	0.01089015151515152	0.029111449054964152	0.028017241379310363	0.12899211945251018
Blastomonas	0.00012706480304955527	0.0	0.0	0.0	0.0	0.0	0.0	0.0	0.0	0.0	0.0	0.0	0.0	0.0	0.0	0.0	0.0	0.0	0.0	0.0	0.0	0.0	0.0	0.0	0.0	0.0	0.0	0.0	0.0	0.0	0.0	0.0	0.0	0.0	0.0	0.0	0.0
Lactococcus	0.0	0.0	0.0	0.0	0.0	2.4640859473178423e-05	0.0	0.000510986203372509	0.0	0.0	0.0	0.00029850746268656717	0.0	0.0	0.0	0.00042884711600314486	0.000831946755407654	0.0	0.0	0.0	0.001551462335776061	0.0	0.0	9.622786759045419e-05	5.1056877361380575e-05	0.0	0.0	0.00014504315033722533	0.0	0.0	0.0003351206434316354	0.0	0.0	0.0025252525252525263	0.0	0.0005387931034482759	0.00041476565740356696
Sarcina	0.0	0.0	0.0	0.0	0.0	4.9281718946356846e-05	0.0	0.0	0.0	0.0001295840352468576	0.0	0.0	0.0	0.0	0.0	0.0	0.0	0.0	0.0	0.0	0.0	0.0	0.0	0.0	0.0	0.0	0.0	0.0	0.0	0.0	0.0	0.0	0.0	7.891414141414142e-05	0.0	0.0	0.0
Allobaculum	0.0	0.0005558643690939411	0.0	0.0003117692907248636	0.0	0.0	0.0009680542110358184	0.001021972406745018	0.00048216007714561236	0.0	0.0	0.0	0.0	0.0	0.0	0.00014294903866771496	0.0	0.0	0.0	0.0	0.0	0.0	0.0	0.0	0.0	0.0	0.0	0.0	0.0003045066991473812	0.0	0.0	0.0	0.0	0.0	0.0	0.0	0.0
Pullulanibacillus	0.0	0.0	0.0	0.000779423226812159	0.0	0.0	0.0009035172636334305	0.001021972406745018	0.0	0.0	0.0	0.0	0.0	0.0	0.0	0.0	0.0	0.0	0.0	0.0	0.0	0.0	0.0	0.0	0.0	0.0	0.0	0.0	0.0	0.0	0.0	0.0	0.0	0.0	0.0	0.0	0.0
Alkalibaculum	0.0	0.0	0.0	0.0026500389711613397	0.0	0.0	0.0008389803162310426	0.0015329586101175269	0.0009643201542912247	0.0	0.0	0.0	0.0	0.0	0.0	0.0	0.0	0.0	0.0	0.0	0.0	0.0	0.0	9.622786759045419e-05	0.0	0.0	0.0	0.0	0.0	0.0	0.0	0.0	0.0	0.0	0.0	0.0	0.0
Microaerobacter	0.0	0.0	0.0	0.0	0.0	0.0	6.453694740238787e-05	0.0	0.0	0.0	0.0	0.0	0.0	0.0	0.0	0.0	0.0	0.0	0.0	0.0	0.0	0.0	0.0	0.0	0.0	0.0	0.0	0.0	0.0	0.0	0.0	0.0	0.0	0.0	0.0	0.0	0.0
Howardella	0.00012706480304955527	0.0	0.0007102272727272727	0.0	0.0	4.9281718946356846e-05	0.0	0.0	0.0	0.0010366722819748608	0.0006936416184971098	0.0	0.0	0.0	0.0	0.0	0.0	0.0	0.0	0.0	0.0006271869016967055	0.0	0.0	0.0	5.1056877361380575e-05	0.0	0.0	0.0	0.0	0.00032562683165092806	0.0	0.00023696682464454977	0.0	0.0	0.0	0.0	0.0
Megasphaera	0.0	0.0	0.0	0.0	0.0	0.0	0.0	0.0	0.0	0.0	0.0	0.008656716417910446	0.0	0.0	0.0	0.0	0.0	0.010928961748633887	0.011311625474042106	0.006734006734006732	0.015646662705486116	0.023787740164684414	0.048317733367063125	0.014434180138568082	5.1056877361380575e-05	0.011892963330029744	0.007447248655357883	0.01580970338675759	0.08526187576126638	0.12080755454249388	0.0	0.0	0.0	0.0	0.0	0.0	0.0
Acetoanaerobium	0.0	0.0	0.0	0.0	0.0	0.0	0.0	0.0	0.0	0.0	0.0	0.0	0.0	0.0	0.0	0.0	0.0	0.0	0.0	0.0	0.0	0.0	0.0	0.0	5.1056877361380575e-05	0.0	0.0	0.0	0.0	0.0	0.0	0.0	0.0	7.891414141414142e-05	0.0	0.0	0.0
Citrobacter	0.0003811944091486658	0.0	0.0	0.0	0.0	0.0	0.0002581477896095515	0.0	0.0	0.0	0.0	0.0	0.0	0.0	0.0	0.0	0.0	0.00039032006245121	0.0	0.0	0.0	0.0	0.0	0.0007698229407236335	0.0	0.0	0.0	0.0013053883530350283	0.004567600487210717	0.0	0.0	0.002369668246445498	0.006926952141057933	0.0	0.0	0.0	0.0
Xylanibacter	0.0	0.0	0.0	0.000779423226812159	0.0	9.856343789271369e-05	0.0002581477896095515	0.000510986203372509	0.0	0.004794609304133736	0.004624277456647397	0.00029850746268656717	0.00010703200256876806	0.0	0.0	7.147451933385748e-05	0.0	0.0	6.53851183470642e-05	0.0	0.00013203934772562222	0.0	0.0	0.00019245573518090838	0.0005616256509751861	0.0009910802775024777	0.0008274720728175424	0.0044238160852853705	0.005176613885505479	0.004558775643112992	8.378016085790885e-05	0.0	0.0	0.0	0.0	0.0	0.0
Thermotalea	0.0	0.0	0.0	0.0	0.0	0.0	0.0	0.000510986203372509	0.0	0.0	0.0	0.0	0.0	0.0	0.0	0.0	0.0	0.0	0.0	0.0	0.0	0.0	0.0	0.0	0.0	0.0	0.0	0.0	0.0	0.0	0.0	0.0	0.0	0.0	0.0	0.0	0.0
Hazenella	0.0	0.0	0.0	0.0	0.0	0.0	6.453694740238787e-05	0.001021972406745018	0.0	0.0	0.0	0.0	0.0	0.0	0.0	0.0	0.0	0.0	0.0	0.0	0.0	0.0	0.0	0.0	0.0	0.0	0.0	0.0	0.0	0.0	0.0	0.0	0.0	0.0	0.0	0.0	0.0
Cellulosibacter	0.00012706480304955527	0.0	0.0	0.000779423226812159	0.0006146281499692685	0.0004435354705172116	0.003614069054533722	0.00970873786407767	0.0028929604628736743	0.0	0.0	0.0	0.00021406400513753612	0.0	0.0	0.0	0.0	0.0	0.0	0.00042087542087542086	9.902951079421667e-05	0.0	0.0	0.0	0.0	0.0	0.0	0.0005801726013489014	0.0	0.0	0.0	0.0	0.0	0.0	0.0	0.0	0.0008295313148071339
Oxalophagus	0.00012706480304955527	0.0	0.0	0.0	0.0	0.0	0.0003872216844143273	0.0	0.0	0.0	0.0	0.0	0.0	0.0	0.0	0.0	0.0	0.0	0.0	0.0	0.0	0.0	0.0	0.0	0.0	0.0	0.0	0.0	0.0	0.0	0.0	0.0	0.0	0.0	0.0	0.0	0.0
Lactobacillus	0.0	0.0	0.0	0.0	0.0	0.0	0.0	0.0	0.0	0.0010366722819748608	0.00023121387283236994	0.0008955223880597015	0.0	0.0	0.0	0.0	0.0	0.0	6.53851183470642e-05	0.0	6.601967386281111e-05	0.00010165700925078785	0.0	0.0	0.0	0.0	0.0	0.0007252157516861268	0.003654080389768574	0.0	0.0	0.0	0.0	0.0003945707070707071	0.0	0.0	0.0
Asteroleplasma	0.0	0.0	0.0	0.0	0.0	0.0	6.453694740238787e-05	0.0	0.0	0.0	0.0	0.0	0.0	0.0	0.0	0.0	0.0	0.0	0.0	0.0	0.0	0.0	0.0	0.0	0.0	0.0	0.0	0.0	0.0	0.0	0.0	0.0	0.0	0.0	0.0	0.0	0.0
Syntrophococcus	0.0026683608640406613	0.0022234574763757642	0.0007102272727272727	0.014964925954793474	0.00860479409956976	0.004533918143064818	0.0013552758954501456	0.004087889626980072	0.0009643201542912247	0.0028508487754308684	0.0057803468208092465	0.005373134328358207	0.002247672053944129	0.006930006930006929	0.08118811881188114	0.012722464441426615	0.018025513033832492	0.010538641686182676	0.023146331894860924	0.024410774410774397	0.0464448405624885	0.005082850462539388	0.04857070579306869	0.027809853733641327	0.014602266925354813	0.011298315163528257	0.01903185767480347	0.00601929073899484	0.00243605359317905	0.0	0.009299597855227886	0.002369668246445498	0.0	0.027619949494949343	0.023028459700195524	0.008620689655172415	0.0020738282870178346
Solobacterium	0.0	0.0	0.0	0.0	0.0	0.0	0.0001936108422071636	0.0	0.0	0.0	0.0	0.0	0.0	0.0	0.0	0.0	0.0	0.0	0.0	0.0	0.0	0.0	0.0	0.00019245573518090838	0.0	0.0	0.0	0.00014504315033722533	0.0	0.0	0.0	0.0	0.0	0.0	0.0	0.0	0.0
Seinonella	0.0	0.0	0.0	0.0	0.0	0.0	0.0	0.0	0.0	0.0	0.0	0.0	0.0	0.0	0.0	0.0	0.0	0.0	0.0	0.0	0.0	0.0	0.0	0.0	0.0	0.0	0.0	0.0	0.0003045066991473812	0.0	0.0	0.0	0.0	0.0	0.0	0.0	0.0
Lactonifactor	0.0005082592121982211	0.0016675931072818232	0.0003551136363636364	0.0003117692907248636	0.0006146281499692685	0.00046817632999039005	0.0026460148434979034	0.001021972406745018	0.00048216007714561236	0.0020733445639497215	0.0027745664739884384	0.0	0.002247672053944129	0.001386001386001386	0.0006600660066006601	0.0005717961546708598	0.0005546311702717693	0.00078064012490242	0.0012423172485942198	0.0010521885521885522	0.0011553442925991944	0.0	0.0	0.0002886836027713626	0.0011232513019503725	0.004955401387512389	0.0004137360364087712	0.00036260787584306336	0.0003045066991473812	0.0	0.00041890080428954424	0.00047393364928909954	0.0	0.0003945707070707071	0.004562242016076472	0.0	0.0008295313148071339
Acidaminococcus	0.0	0.0	0.0	0.0	0.0	0.0	0.0	0.0	0.0	0.0	0.0	0.0	0.0	0.0	0.0	0.0	0.0	0.0	0.0017000130770236691	0.0031565656565656556	0.0012873836403248166	0.01097895699908506	0.0017708069820389577	0.009719014626635865	0.0	0.0	0.0	0.002465733555732831	0.03562728380024366	0.04363399544122445	0.0	0.0	0.0	0.0	0.0	0.0	0.0
Atopostipes	0.0	0.0	0.0	0.0	0.0	0.0	6.453694740238787e-05	0.0	0.0	0.0	0.0	0.0	0.0	0.0	0.0	0.0	0.0	0.0	0.0	0.0	0.0	0.0	0.0	0.0	0.0	0.0	0.0	0.0	0.0	0.0	0.0	0.0	0.0	0.0	0.0	0.0	0.0
Flexithrix	0.0	0.0	0.0	0.0	0.0	0.0	0.00012907389480477574	0.0	0.0	0.0	0.0	0.0	0.0	0.0	0.0	0.0	0.0	0.0	0.0	0.0	0.0	0.0	0.0	0.0	0.0	0.0	0.0	0.0	0.0	0.0	0.0	0.0	0.0	0.0	0.0	0.0	0.0
Desulfurispora	0.0	0.0	0.0	0.0	0.0006146281499692685	0.0	0.0	0.0	0.0	0.0	0.0	0.0	0.0	0.0	0.0	0.0	0.0	0.0	0.0	0.0	0.0	0.0	0.0	0.0	0.0	0.0	0.0	0.0	0.0	0.0	0.0	0.0	0.0	0.0	0.0	0.0	0.0
Paraeggerthella	0.0	0.0	0.0	0.0	0.0	0.0	6.453694740238787e-05	0.0	0.0	0.0	0.0	0.0	0.0	0.0	0.0	0.0	0.0	0.0	0.0	0.0	0.0	0.0	0.0	0.0	0.0	0.0	0.0004137360364087712	7.252157516861267e-05	0.0	0.0	0.00025134048257372655	0.0	0.0	0.0	0.0	0.0	0.0
Escherichia/Shigella	0.0072426937738246525	0.0022234574763757642	0.0	0.0	0.0	0.0	0.0001936108422071636	0.0	0.0	0.0001295840352468576	0.0	0.0	0.0	0.0	0.0	0.0014294903866771502	0.00027731558513588466	0.00468384074941452	0.000326925591735321	0.00021043771043771043	0.0	0.0002033140185015757	0.0	0.0002886836027713626	0.0	0.0	0.0	0.0005801726013489014	0.002131546894031669	0.0006512536633018561	0.0	0.009952606635071094	0.003148614609571788	0.0	0.0008689984792526613	0.0	0.0
Anaerostipes	0.0027954256670902167	0.005002779321845468	0.005326704545454545	0.0031176929072486348	0.001229256299938537	0.015991917798092625	0.013294611164891905	0.012263668880940218	0.026036644165863043	0.010885058960736053	0.027976878612716752	0.023880597014925356	0.007385208177244996	0.011781011781011786	0.01584158415841582	0.02808948609820625	0.01358846367165834	0.02419984387197504	0.019288609912384035	0.010311447811447818	0.03172245329108114	0.01331706821185317	0.01846698709840625	0.02222863741339493	0.010415602981721617	0.0061446977205153646	0.008274720728175426	0.002538255130901444	0.00243605359317905	0.0029306414848583526	0.011226541554959791	0.004739336492890994	0.001889168765743073	0.03385416666666653	0.03063219639365631	0.04471982758620686	0.0016590626296142678
Coprobacillus	0.0040660736975857694	0.0011117287381878821	0.0003551136363636364	0.01028838659392051	0.002458512599877074	0.0004435354705172116	0.0060664730558244616	0.020439448134900354	0.006268081002892962	0.016586756511597783	0.03260115606936415	0.0008955223880597015	0.00021406400513753612	0.001386001386001386	0.0006600660066006601	0.11757558430419365	0.14864115363283406	0.00156128024980484	0.045115731659474335	0.109848484848486	0.04060209942562953	0.025210938294195462	0.035416139640779144	0.03031177829099316	0.01204942305728579	0.007730426164519332	0.03434009102192795	0.007832330118210147	0.0006090133982947625	0.0032562683165092807	0.0015918230563002687	0.0037914691943127955	0.004408060453400503	0.001972853535353536	0.003910493156636976	0.0	0.0033181252592285357
Chrysiogenes	0.00012706480304955527	0.0	0.0	0.0001558846453624318	0.0	0.0	0.0	0.0	0.0	0.0	0.0	0.0	0.0	0.0	0.0	0.0	0.0	0.0	0.0	0.0	0.0	0.0	0.0	0.0	0.0	0.0	0.0	0.0	0.0	0.0	0.0	0.0	0.0	0.0	0.0	0.0	0.0
Abiotrophia	0.0	0.0	0.0	0.0006235385814497272	0.0	0.0	6.453694740238787e-05	0.0	0.0	0.0	0.0	0.0	0.0	0.0	0.0	0.0	0.0	0.0	0.0	0.0	0.0	0.0	0.0	0.0	0.0	0.0	0.0	0.0	0.0	0.0	0.0	0.0	0.0	0.0	0.0	0.0	0.0
Sporobacter	0.00025412960609911054	0.0	0.0	0.0012470771628994544	0.002458512599877074	0.002858339698888689	0.0016779606324620851	0.002554931016862545	0.00048216007714561236	0.0025916807049371528	0.001849710982658959	0.0005970149253731343	0.0	0.0	0.0	7.147451933385748e-05	0.0	0.0	0.0	0.0	3.3009836931405556e-05	0.0	0.0	0.0	5.1056877361380575e-05	0.0	0.003309888291270169	0.0035535571832620216	0.001218026796589525	0.0	8.378016085790885e-05	0.0	0.0	0.0	0.0	0.0	0.0
Coprococcus	0.008132147395171539	0.006670372429127291	0.007812499999999997	0.0048324240062353856	0.004917025199754148	0.005396348224626071	0.004775734107776704	0.006131834440470107	0.008678881388621024	0.008293378255798897	0.004855491329479767	0.005373134328358207	0.009204752220914053	0.019404019404019403	0.01617161716171615	0.015438496176113195	0.010260676650027728	0.01327088212334115	0.005623120177847521	0.0052609427609427595	0.005578662441407561	0.02287282708142731	0.02327346319251198	0.01520400307929171	0.009241294802409867	0.009316154608523298	0.010343400910219283	0.026832982812386785	0.00548112058465286	0.013676326929338968	0.07590482573726434	0.013981042654028452	0.025188916876574294	0.02209595959595953	0.016945470345426896	0.011853448275862067	0.004562422231439236
Clostridiisalibacter	0.0	0.0	0.0	0.0	0.0	0.0	6.453694740238787e-05	0.0	0.0	0.0	0.0	0.0	0.0	0.0	0.0	0.0	0.0	0.0	0.0	0.0	0.0	0.0	0.0	0.0	0.0	0.0	0.0	0.0	0.0	0.0	0.0	0.0	0.0	0.0	0.0	0.0	0.0
ZB3_genera_incertae_sedis	0.0	0.0	0.0	0.0001558846453624318	0.0	0.0	0.0	0.0	0.0	0.0	0.0	0.0	0.0	0.0	0.0	0.0	0.0	0.0	0.0	0.0	0.0	0.0	0.0	0.0	0.0	0.0	0.0	0.0	0.0	0.0	0.0	0.0	0.0	0.0	0.0	0.0	0.0
Schwartzia	0.00012706480304955527	0.0	0.0	0.0001558846453624318	0.0	2.4640859473178423e-05	6.453694740238787e-05	0.0	0.0	0.0	0.00023121387283236994	0.0	0.0	0.0	0.0	0.0	0.0	0.0	0.0	0.0	0.0	0.0	0.0	0.0	0.00015317063208414173	0.0	0.0004137360364087712	0.00014504315033722533	0.0	0.0019537609899055682	0.0003351206434316354	0.0	0.0	0.0	0.0	0.0	0.0
Lutispora	0.0	0.0	0.0	0.0	0.0	0.0	0.00012907389480477574	0.0035769034236075633	0.00048216007714561236	0.0	0.0	0.0	0.0	0.0	0.0	0.0	0.0	0.0	0.0	0.0	0.0	0.0	0.0	0.0	0.0	0.0	0.0	0.0	0.0	0.0	0.0	0.0	0.0	0.0	0.0	0.0	0.0
Candidatus Hydrogenedens	0.0	0.0	0.0	0.0	0.0	0.0	0.00012907389480477574	0.0	0.0	0.0	0.0	0.0	0.0	0.0	0.0	0.0	0.0	0.0	0.0	0.0	0.0	0.0	0.0	0.0	0.0	0.0	0.0	0.0	0.0	0.0	0.0	0.0	0.0	0.0	0.0	0.0	0.0
Haloplasma	0.0	0.0	0.0	0.0	0.0	0.0	0.0	0.000510986203372509	0.0	0.0	0.0	0.0	0.0	0.0	0.0	0.0	0.0	0.0	0.0	0.0	0.0	0.0	0.0	0.0	0.0	0.0	0.0	0.0	0.0	0.0	0.0	0.0	0.0	0.0	0.0	0.0	0.0
Anaerobacter	0.0	0.0	0.0	0.0	0.0	0.0	0.0	0.0	0.00048216007714561236	0.000647920176234288	0.0	0.0	0.0	0.0	0.0	0.00014294903866771496	0.0	0.0	0.0	0.0	0.0	0.0003049710277523635	0.0	0.0	5.1056877361380575e-05	0.0	0.0	0.0	0.0	0.0	0.0	0.0	0.0	0.0	0.0	0.0	0.0
Clostridium XVIII	0.048157560355781025	0.07504168982768193	0.001775568181818182	0.0006235385814497272	0.003073140749846343	0.0040411009536012454	0.01716682800903514	0.011752682677567709	0.03471552555448405	0.000647920176234288	0.0011560693641618496	0.001791044776119403	0.0007492240179813764	0.0048510048510048516	0.00858085808580858	0.040669001500964995	0.06988352745424288	0.00273224043715847	0.03301948476526778	0.1891835016835051	0.0011223344556677889	0.01453695232286262	0.058183657981280286	0.002117013086989993	0.007505360972122932	0.007730426164519332	0.005792304509722797	0.004496337660453983	0.0015225334957369061	0.0	0.0010053619302949064	0.001184834123222749	0.001889168765743073	0.02990845959595941	0.13121877036715163	0.05280172413793096	0.00041476565740356696
Thermophagus	0.0	0.0	0.0	0.0001558846453624318	0.0	0.0	0.0	0.0	0.0	0.0	0.0	0.0	0.0	0.0	0.0	0.0	0.0	0.0	0.0	0.0	0.0	0.0	0.0	0.0	0.0	0.0	0.0	0.0	0.0	0.0	0.0	0.0	0.0	0.0	0.0	0.0	0.0
Mangrovibacter	0.00012706480304955527	0.0	0.0	0.0	0.0	0.0	0.0	0.0	0.0	0.0	0.0	0.0	0.0	0.0	0.0	7.147451933385748e-05	0.0	0.0	0.0	0.0	0.0	0.0	0.0	0.0	0.0	0.0	0.0	0.0	0.0	0.0	0.0	0.00023696682464454977	0.0	0.0	0.0	0.0	0.0
Pediococcus	0.0	0.0	0.0	0.0	0.0	0.0	0.0	0.0	0.0	0.0	0.0	0.0	0.0	0.0	0.0	0.0	0.0	0.0	0.0	0.0	0.0	0.0	0.0	0.0	0.0	0.0	0.0	0.0	0.0	0.0	0.0	0.0	0.006926952141057933	0.0	0.0	0.0	0.0
Sutterella	0.0015247776365946636	0.0011117287381878821	0.002485795454545455	0.0006235385814497272	0.002458512599877074	0.0	6.453694740238787e-05	0.0	0.0	0.009070882467280043	0.020809248554913288	0.00805970149253731	0.019158728459809482	0.024601524601524583	0.0	0.0	0.0	0.00351288056206089	0.010919314763959721	0.0018939393939393936	0.0	0.0	0.0	0.0	0.002042275094455224	0.0031714568880079276	0.0012412081092263135	0.0	0.011266747868453109	0.019863236730706595	0.0	0.007582938388625589	0.0025188916876574307	0.0	0.0	0.0	0.0
Thermicanus	0.0	0.0	0.0	0.0	0.0	0.0	6.453694740238787e-05	0.0	0.0	0.0	0.0	0.0	0.0	0.0	0.0	0.0	0.0	0.0	0.0	0.0	0.0	0.0	0.0	0.0	0.0	0.0	0.0	0.0	0.0	0.0	0.0	0.0	0.0	0.0	0.0	0.0	0.0
Caminicella	0.00012706480304955527	0.0	0.0	0.0001558846453624318	0.0	0.00017248601631224896	0.0	0.0	0.0	0.0	0.0	0.0	0.0	0.0	0.0	0.0	0.0	0.0	0.0	0.0	6.601967386281111e-05	0.0002033140185015757	0.0	0.00038491147036181676	0.0	0.0	0.0	0.0	0.0	0.0	0.0	0.00023696682464454977	0.0	0.0	0.0	0.0	0.0
Pisciglobus	0.00012706480304955527	0.0	0.0	0.0001558846453624318	0.0	2.4640859473178423e-05	0.0	0.000510986203372509	0.0	0.0	0.0	0.0	0.0	0.0	0.0	0.00014294903866771496	0.0	0.0	0.00019615535504119262	0.00021043771043771043	0.00046213771703967774	0.0002033140185015757	0.0005059448520111307	9.622786759045419e-05	5.1056877361380575e-05	0.00019821605550049553	0.0	0.0	0.0	0.0	8.378016085790885e-05	0.0	0.0	0.0003156565656565657	0.0	0.0	0.0
Alloprevotella	0.0	0.0	0.0	0.0	0.0	2.4640859473178423e-05	0.0	0.0	0.0	0.0	0.0	0.0	0.0	0.0	0.0	0.0	0.0	0.0	0.0	0.0	0.0	0.0	0.0	0.0	0.0	0.0	0.0004137360364087712	0.0009427804771919649	0.0003045066991473812	0.00032562683165092806	0.0	0.0	0.0	0.0	0.0	0.0	0.0
Mogibacterium	0.0006353240152477764	0.0016675931072818232	0.0	0.0	0.0	0.0001232042973658921	0.0002581477896095515	0.0	0.0	0.0	0.0	0.0	0.0	0.0	0.0	0.0	0.0	0.0	0.0001307702366941284	0.00042087542087542086	0.00029708853238265	0.0	0.0	0.0	0.00010211375472276115	0.0	0.0004137360364087712	0.0	0.0	0.0	0.0001675603217158177	0.0	0.0	0.0	0.0	0.0	0.00041476565740356696
Coenonia	0.0	0.0	0.0	0.0	0.0	0.0	0.0	0.0	0.00048216007714561236	0.0	0.0	0.0	0.0	0.0	0.0	0.0	0.0	0.0	0.0	0.0	0.0	0.0	0.0	0.0	0.0	0.0	0.0	0.0	0.0	0.0	0.0	0.0	0.0	0.0	0.0	0.0	0.0
Thiohalophilus	0.0	0.0	0.0	0.0	0.0	0.0	6.453694740238787e-05	0.0	0.0	0.0	0.0	0.0	0.0	0.0	0.0	0.0	0.0	0.0	0.0	0.0	0.0	0.0	0.0	0.0	0.0	0.0	0.0	0.0	0.0	0.0	0.0	0.0	0.0	0.0	0.0	0.0	0.0
Parabacteroides	0.005590851334180433	0.005558643690939409	0.017400568181818173	0.014341387373343745	0.022126613398893668	9.856343789271369e-05	0.02587931590835727	0.052120592743995976	0.01639344262295081	0.012051315277957773	0.009017341040462425	0.004776119402985073	0.046451889114844845	0.021483021483021475	0.007590759075907591	0.0002858980773354299	0.0	0.0	0.003726951745782659	0.0014730639730639729	0.007031095266389415	0.0059977635457964746	0.0	0.019341801385681274	0.01199836617992441	0.009514370664023794	0.0045510964004964825	0.009862934222931314	0.018879415347137656	0.023770758710517727	0.0010053619302949064	0.007582938388625589	0.020151133501259442	0.0	0.0	0.0	0.004147656574035669
Eggerthella	0.00012706480304955527	0.0	0.0003551136363636364	0.0	0.0	0.0001232042973658921	0.0003226847370119394	0.0	0.0	0.0	0.00023121387283236994	0.00029850746268656717	0.00032109600770630417	0.0	0.0	0.0002858980773354299	0.0038824181919023862	0.0	6.53851183470642e-05	0.0	0.0	0.00010165700925078785	0.0010118897040222615	0.00048113933795227093	0.00010211375472276115	0.00019821605550049553	0.0004137360364087712	0.001595474653709479	0.0	0.0013025073266037122	0.00301608579088472	0.0030805687203791466	0.0025188916876574307	0.0	0.00043449923962633063	0.0	0.0
Mangroviflexus	0.0	0.0	0.0	0.0001558846453624318	0.0006146281499692685	0.0	0.00012907389480477574	0.000510986203372509	0.0	0.0	0.0	0.0	0.0	0.0	0.0	0.0	0.0	0.0	0.0	0.0	0.0	0.0	0.0	0.0	0.0	0.0	0.0	0.0	0.0	0.0	0.0	0.00023696682464454977	0.0	0.0	0.0	0.0	0.0
Roseburia	0.020965692503176554	0.03390772651473043	0.022727272727272714	0.0046765393608729534	0.006760909649661954	0.01564694576546811	0.017360438851242298	0.00970873786407767	0.009161041465766635	0.0265647272256057	0.012716763005780342	0.004179104477611939	0.00995397623889543	0.02182952182952182	0.02046204620462043	0.006790079336716454	0.007764836383804768	0.03473848555815772	0.03955799659997403	0.049873737373737244	0.03716907638476324	0.11283928026837294	0.040981533012901646	0.05802540415704424	0.059481262126007794	0.02636273538156585	0.03144393876706656	0.011530930451809416	0.014311814859926927	0.025398892868772366	0.005613270777479896	0.031279620853080524	0.0012594458438287153	0.0051294191919191885	0.016510971105800566	0.014547413793103443	0.009954375777685601
Anaeroarcus	0.0	0.0	0.0	0.0	0.0	0.0	6.453694740238787e-05	0.0	0.0	0.0	0.0	0.0	0.0	0.0	0.0	0.0	0.0	0.0	0.0	0.0	0.0	0.0	0.0	0.0	5.1056877361380575e-05	0.0	0.0	0.0	0.0	0.0	0.0	0.0	0.0	0.0	0.0	0.0	0.0
Paralactobacillus	0.0	0.0	0.0	0.0	0.0	0.0	0.00012907389480477574	0.000510986203372509	0.0	0.0	0.0	0.0	0.0	0.0	0.0	0.0	0.0	0.0	0.0	0.0	0.0	0.0	0.0	0.0	0.0	0.0	0.0	0.0	0.0	0.0	0.0	0.0	0.0	0.0	0.0	0.0	0.0
Pasteurella	0.0	0.0	0.0	0.0	0.0	0.0	0.0	0.0	0.0	0.0	0.0	0.0	0.0	0.0	0.0	0.0	0.0	0.00039032006245121	0.0	0.0	3.3009836931405556e-05	0.00010165700925078785	0.0	0.0	0.0	0.0	0.0	0.0	0.0	0.0	0.0	0.0	0.0	0.0	0.0	0.0	0.0
Defluviitalea	0.0	0.0	0.0	0.0003117692907248636	0.0	0.0001232042973658921	6.453694740238787e-05	0.002043944813490036	0.00048216007714561236	0.0	0.0	0.0	0.0	0.0	0.0	0.0	0.0	0.0	0.0	0.0	3.3009836931405556e-05	0.0	0.0	0.0	0.0	0.0	0.0	0.0	0.0	0.0	8.378016085790885e-05	0.0	0.0	0.0	0.0	0.0	0.0
Peptostreptococcus	0.0	0.0	0.0	0.0	0.0	0.0	0.0	0.0	0.0	0.0	0.0	0.0	0.0	0.0	0.0	0.0002858980773354299	0.00027731558513588466	0.0	6.53851183470642e-05	0.0	0.0	0.0	0.0	0.0	0.0	0.0	0.0	0.0	0.0	0.0	0.0	0.00023696682464454977	0.0	7.891414141414142e-05	0.0	0.0	0.0
Propionispira	0.0	0.0	0.0	0.0	0.0	0.0	6.453694740238787e-05	0.0	0.0	0.0	0.0	0.0	0.0	0.0	0.0	0.0	0.0	0.0	0.0	0.0	0.0	0.0	0.0	0.0	0.0	0.0	0.0	0.0	0.0	0.0	0.0	0.0	0.0	0.0	0.0	0.0	0.0
Proteiniphilum	0.00012706480304955527	0.0005558643690939411	0.0	0.0	0.0	0.0	0.0	0.0	0.0	0.0	0.0	0.0	0.0	0.0	0.0	0.0	0.0	0.0	0.0	0.0	0.0	0.0	0.0	0.0	0.0	0.0	0.0	0.0	0.0	0.0	0.0	0.0	0.0	0.0	0.0	0.0	0.0
Anaerofilum	0.00012706480304955527	0.0	0.0028409090909090914	0.0001558846453624318	0.0	0.00017248601631224896	0.0004517586318167152	0.0	0.00048216007714561236	0.0002591680704937152	0.0	0.0	0.0009632880231189126	0.0003465003465003465	0.0	0.0	0.0	0.00078064012490242	0.000326925591735321	0.00021043771043771043	0.00016504918465702777	0.00010165700925078785	0.0	9.622786759045419e-05	0.0013785356887572758	0.0	0.0004137360364087712	0.0036260787584306343	0.0003045066991473812	0.0	0.0007540214477211797	0.00023696682464454977	0.0037783375314861456	0.0	0.0	0.0	0.0
Oxalobacter	0.0	0.0	0.0	0.0001558846453624318	0.0	0.0	0.0	0.0	0.0	0.0002591680704937152	0.0	0.0	0.0	0.0	0.0	0.0	0.0	0.0	0.0	0.0	0.0	0.0	0.0	0.0	0.0	0.0	0.0	0.00036260787584306336	0.0	0.0	0.0	0.0	0.0	0.0	0.0	0.0	0.0
Lactovum	0.0	0.0	0.0	0.0001558846453624318	0.0	0.0	0.0	0.0	0.0	0.0	0.00023121387283236994	0.0	0.0	0.0	0.0	0.0	0.0	0.0	0.0	0.0	0.0	0.0	0.0	0.0	0.0	0.0	0.0	0.0	0.0	0.0	0.0	0.0	0.0	0.0	0.0	0.0	0.0
Anaerotruncus	0.00432020330368488	0.004446914952751528	0.004261363636363637	0.03678877630553397	0.054701905347264775	0.040435650395486696	0.016908680219425595	0.01021972406745018	0.012536162005785917	0.0025916807049371528	0.00023121387283236994	0.001791044776119403	0.0005351600128438403	0.002079002079002079	0.0036303630363036304	0.00114359230934172	0.00027731558513588466	0.0	0.002550019615535504	0.002104377104377104	0.003003895160757912	0.001321541120260242	0.0005059448520111307	0.002790608160123173	0.0011232513019503725	0.0011892963330029731	0.00661977658254034	0.11008775110595465	0.004567600487210717	0.0	0.0015918230563002687	0.00047393364928909954	0.003148614609571788	0.00015782828282828284	0.0	0.0032327586206896556	0.006221484861053502
Dickeya	0.0	0.0	0.0	0.0	0.0	0.0	0.0	0.0	0.0	0.0	0.0	0.0	0.0	0.0	0.0	0.0	0.0	0.0	0.0	0.0	0.0	0.0028463962590220596	0.0005059448520111307	0.0	0.0	0.0	0.0	0.0	0.0	0.0	0.0	0.0	0.0	0.0	0.0	0.0	0.0008295313148071339
Aeribacillus	0.0	0.0	0.0	0.0	0.0	0.0	0.00012907389480477574	0.0	0.0	0.0	0.0	0.0	0.0	0.0	0.0	0.0	0.0	0.0	0.0	0.0	0.0	0.0	0.0	0.0	0.0	0.0	0.0	0.0	0.0	0.0	0.0	0.0	0.0	0.0	0.0	0.0	0.0
Proteocatella	0.0	0.0	0.0	0.0	0.0	0.0	6.453694740238787e-05	0.0	0.0	0.0	0.0	0.0	0.0	0.0	0.0	0.0	0.0	0.0	0.0	0.0	0.0	0.0	0.0	0.0	0.0	0.0	0.0	0.0	0.0	0.0	0.0	0.0	0.0	0.0	0.0	0.0	0.0
Anaerophaga	0.0	0.0	0.0	0.0	0.0	0.0	6.453694740238787e-05	0.0	0.0	0.0	0.0	0.0	0.0	0.0	0.0	0.0	0.0	0.0	0.0	0.0	0.0	0.0	0.0	0.0	0.0	0.0	0.0	0.0	0.0	0.0	0.0	0.0	0.0	0.0	0.0	0.0	0.0
Hespellia	0.00012706480304955527	0.0	0.0	0.0	0.0	4.9281718946356846e-05	0.0010325911584382062	0.0	0.006750241080038574	0.0	0.0	0.0005970149253731343	0.0006421920154126083	0.0003465003465003465	0.0	0.00021442355800157246	0.0	0.0	6.53851183470642e-05	0.00021043771043771043	0.00013203934772562222	0.00010165700925078785	0.0	0.00019245573518090838	0.00015317063208414173	0.0	0.0	7.252157516861267e-05	0.0	0.0	8.378016085790885e-05	0.00023696682464454977	0.0	0.0	0.0	0.0	0.00041476565740356696
Melissococcus	0.0003811944091486658	0.0	0.0	0.0001558846453624318	0.001229256299938537	0.0001232042973658921	0.0009035172636334305	0.0	0.0009643201542912247	0.0	0.0	0.0	0.0	0.0	0.0	0.0	0.0	0.0	0.0	0.0	0.0	0.0	0.0	0.0	0.0	0.0	0.0	0.0	0.0	0.0	0.0	0.0	0.0	0.0	0.0	0.0	0.0
Luteivirga	0.0	0.0	0.0	0.0001558846453624318	0.0006146281499692685	0.0	0.0	0.0	0.0	0.0	0.0	0.0	0.0	0.0	0.0	0.0	0.0	0.0	0.0	0.0	0.0	0.0	0.0	0.0	0.0	0.0	0.0	0.0	0.0	0.0	0.0	0.0	0.0	0.0	0.0	0.0	0.0
Gallicola	0.0	0.0	0.0	0.0	0.0	0.0	0.0	0.0	0.0	0.0	0.0	0.0	0.0	0.0	0.0	0.0	0.0	0.0	0.0	0.0	0.0	0.0	0.0	0.0	0.0	0.0	0.0	7.252157516861267e-05	0.0	0.0	0.0	0.0	0.0	0.0	0.0	0.0	0.0
Leeia	0.0	0.0	0.0	0.0	0.0	0.0	0.0	0.0	0.0	0.0	0.0	0.0	0.0	0.0	0.0	0.0	0.0	0.0	0.0	0.0	0.0	0.0	0.0	0.0	5.1056877361380575e-05	0.0	0.0	0.0	0.0	0.0	0.0	0.0	0.0	0.0	0.0	0.0	0.0
Victivallis	0.0	0.0	0.0	0.0004676539360872954	0.0	2.4640859473178423e-05	0.0001936108422071636	0.0	0.0	0.0	0.0	0.0	0.00010703200256876806	0.0	0.0	0.0	0.0	0.0	6.53851183470642e-05	0.0	0.0	0.0	0.0	0.0	0.00010211375472276115	0.0	0.0	0.00036260787584306336	0.0	0.0	0.0	0.0	0.0	7.891414141414142e-05	0.0	0.0	0.00041476565740356696
Paucisalibacillus	0.0	0.0	0.0	0.0	0.0	0.0	6.453694740238787e-05	0.0	0.0	0.0	0.0	0.0	0.0	0.0	0.0	0.0	0.0	0.0	0.0	0.0	0.0	0.0	0.0	0.0	0.0	0.0	0.0	0.0	0.0	0.0	0.0	0.0	0.0	0.0	0.0	0.0	0.0
Holophaga	0.0	0.0005558643690939411	0.0	0.0010911925175370227	0.0006146281499692685	0.0009609935194539585	0.0013552758954501456	0.0015329586101175269	0.0	0.0001295840352468576	0.00023121387283236994	0.0	0.0	0.0	0.0	0.0	0.0	0.0	0.0	0.0	0.0	0.0	0.0	0.0	0.0	0.0	0.0	0.0	0.0	0.0	0.0	0.0	0.0	0.0	0.0	0.0	0.0
Hydrogenoanaerobacterium	0.0017789072426937743	0.0011117287381878821	0.0021306818181818185	0.0006235385814497272	0.001229256299938537	0.0004435354705172116	0.0008389803162310426	0.001021972406745018	0.006268081002892962	0.0011662563172217184	0.003005780346820808	0.0023880597014925373	0.0	0.0	0.0006600660066006601	0.0	0.0	0.0	0.008500065385118346	0.00547138047138047	0.0018815607050901165	0.0	0.0	0.0	0.00010211375472276115	0.0	0.0004137360364087712	0.00036260787584306336	0.003654080389768574	0.0	0.0001675603217158177	0.0	0.0	0.00015782828282828284	0.00021724961981316532	0.0016163793103448276	0.0
Ruminococcus	0.020203303684879232	0.002779321845469705	0.0	0.038815276695245586	0.009834050399508297	0.0004435354705172116	0.09357857373346036	0.029637199795605494	0.07473481195757	0.024361798626409147	0.0016184971098265892	0.0	0.00021406400513753612	0.0	0.0	0.0009291687513401472	0.0	0.00039032006245121	0.016738590296848464	0.013047138047138064	0.00019805902158843332	0.0	0.0	0.0	0.06004288777698296	0.011496531219028753	0.03103020273065779	0.00036260787584306336	0.0	0.00032562683165092806	0.0	0.0	0.0	0.010179924242424242	0.0	0.0010775862068965517	0.0029033596018249687
Cryptobacterium	0.0	0.0	0.0	0.0	0.0	0.0	0.0001936108422071636	0.0	0.0	0.0	0.0	0.0	0.0	0.0	0.0	0.0	0.0	0.0	0.0	0.0	0.0	0.0	0.0	0.0	0.0	0.0	0.0	0.0	0.0	0.00032562683165092806	0.0	0.0	0.0	0.0	0.0	0.0	0.0
Anoxynatronum	0.0	0.0	0.0	0.0	0.0	0.0	0.0	0.0	0.0	0.0	0.0	0.0	0.0	0.0	0.0	0.0	0.0	0.0	0.0	0.0	0.0	0.0	0.0	0.0	5.1056877361380575e-05	0.00019821605550049553	0.0	0.0	0.0	0.0	0.0	0.0	0.0	0.0	0.0	0.0	0.0
Clostridium XlVb	0.004574332909783991	0.007782101167315173	0.014204545454545447	0.0001558846453624318	0.0006146281499692685	0.0032772343099327188	0.0006453694740238789	0.001021972406745018	0.0019286403085824494	0.0009070882467280032	0.0006936416184971098	0.00029850746268656717	0.0008562560205501445	0.0027720027720027724	0.0009900990099009901	0.00393109856336216	0.0011092623405435386	0.0	0.000326925591735321	0.00042087542087542086	0.0004951475539710833	0.0008132560740063028	0.0	0.0007698229407236335	0.0008169100377820889	0.0	0.0	0.0	0.0009135200974421437	0.0	0.0036025469168900824	0.0016587677725118486	0.0	0.0	0.00021724961981316532	0.0	0.0
Clostridium XlVa	0.013595933926302418	0.020011117287381884	0.05326704545454563	0.004988308651597818	0.00430239704978488	0.011359436217135178	0.011100354953210717	0.0035769034236075633	0.008678881388621024	0.05649863936762946	0.06219653179190749	0.02119402985074626	0.11998287487958986	0.05959805959805975	0.015181518151815163	0.04910299478235996	0.04769828064337212	0.023028883684621408	0.026480972930561286	0.022095959595959593	0.0335049844853771	0.09016976720544773	0.027321022008601016	0.02559661277906086	0.017767793321760473	0.03607532210109007	0.03475382705833672	0.04728406700993568	0.018879415347137656	0.056984695538912625	0.026642091152815028	0.050710900473933805	0.0585642317380352	0.002446338383838385	0.01585922224636107	0.018857758620689655	0.0360846121941103
Caloribacterium	0.0	0.0	0.0	0.0003117692907248636	0.0	0.0	0.0016779606324620851	0.004598875830352581	0.0	0.0	0.0	0.0	0.0	0.0	0.0	0.0	0.0	0.0	0.0	0.0	0.0	0.0	0.0	0.0	0.0	0.0	0.0	0.0	0.0	0.0	0.0	0.0	0.0	0.0	0.0	0.0	0.0
Lachnospiracea_incertae_sedis	0.1552731893265547	0.12451361867704251	0.034801136363636374	0.031021044427123983	0.041794714197910206	0.052090776926300604	0.060212971926428265	0.0725600408788963	0.04291224686595945	0.0625890890242317	0.08046242774566471	0.11373134328358293	0.06475436155410375	0.058212058212058354	0.11848184818481794	0.25845186191124897	0.2870216306156404	0.17876658860265435	0.13802798483065534	0.1252104377104393	0.19241433947316966	0.116600589610652	0.2575259296736616	0.08949191685912113	0.08689880526907147	0.07274529236868149	0.0976417045924703	0.04634128653274371	0.030146163215590785	0.016932595245848246	0.23776809651474962	0.2137440758293857	0.024559193954659938	0.38154987373738347	0.22485335650663035	0.1939655172413804	0.024885939444213998
Thermohalobacter	0.0	0.0	0.0	0.0	0.0	0.0	0.0	0.000510986203372509	0.0	0.0	0.0	0.0	0.0	0.0	0.0	0.0	0.0	0.0	0.0	0.0	0.0	0.0	0.0	0.0	0.0	0.0	0.0	0.0	0.0	0.0	0.0	0.0	0.0	0.0	0.0	0.0	0.0
Sneathiella	0.0	0.0	0.0	0.0	0.0	0.0	0.0	0.0	0.0	0.0	0.0	0.0	0.0	0.0	0.0	0.0	0.0	0.0	0.0	0.0	0.0	0.0	0.0	0.0	5.1056877361380575e-05	0.0	0.0	0.0	0.0	0.0	0.0	0.0	0.0	0.0	0.0	0.0	0.0
Tepidibacter	0.0	0.0	0.0	0.0	0.0	0.0	0.0	0.0	0.0	0.0	0.0	0.0	0.0	0.0	0.0	0.0	0.0	0.0	0.0	0.0	0.0	0.0	0.0	0.0	0.0	0.0	0.0	0.0	0.0	0.0	0.0	0.0	0.0	0.0003945707070707071	0.0	0.0	0.0
Leuconostoc	0.0	0.0	0.0	0.0	0.0	0.0	0.0	0.0	0.0	0.0	0.0	0.0	0.0	0.0	0.0	0.0	0.0	0.0	0.0	0.0	0.00026407869545124445	0.0	0.0	9.622786759045419e-05	0.0	0.0	0.0	0.0	0.0	0.0	0.0	0.0	0.0	7.891414141414142e-05	0.0	0.0	0.0
Cellulosilyticum	0.0013977128335451083	0.0005558643690939411	0.0	0.0023382696804364763	0.0006146281499692685	0.0007392257841953527	0.0013552758954501456	0.000510986203372509	0.0028929604628736743	0.0014254243877154335	0.0016184971098265892	0.0	0.0	0.0	0.0	0.00021442355800157246	0.0	0.00234192037470726	0.0003923107100823852	0.00042087542087542086	0.00019805902158843332	0.0	0.00025297242600556537	0.0002886836027713626	0.0002042275094455223	0.0	0.002068680182043856	7.252157516861267e-05	0.0003045066991473812	0.0006512536633018561	0.0005864611260053619	0.0	0.0006297229219143577	0.00015782828282828284	0.0	0.0005387931034482759	0.0012442969722107008
Sporacetigenium	0.0	0.0	0.0	0.0	0.0006146281499692685	0.0002464085947317842	0.0008389803162310426	0.000510986203372509	0.0	0.0	0.0	0.0	0.0	0.0	0.0	0.0	0.0	0.0	0.0	0.0	0.0	0.00010165700925078785	0.0	0.0	0.0	0.0	0.0004137360364087712	0.0	0.0	0.0	0.0	0.0	0.0	7.891414141414142e-05	0.0	0.0	0.0
Vulcanibacillus	0.0	0.0	0.0	0.0	0.0	0.0	0.0001936108422071636	0.0	0.0	0.0	0.0	0.0	0.0	0.0	0.0	0.00014294903866771496	0.0	0.0	0.0	0.0	0.0	0.0	0.0	0.0	0.0	0.0	0.0	0.0	0.0	0.0	0.0	0.0	0.0	0.0	0.0	0.0	0.0
Dysgonomonas	0.0	0.0	0.0003551136363636364	0.0	0.0	0.0	0.0	0.0	0.0	0.0001295840352468576	0.00023121387283236994	0.00029850746268656717	0.0	0.0	0.0	7.147451933385748e-05	0.0	0.0	0.0	0.0	0.0	0.0	0.0	0.0	0.0	0.0	0.0	0.0	0.0	0.0	0.0	0.0	0.0	0.0	0.0	0.0	0.0
Acetitomaculum	0.0	0.0	0.0	0.0003117692907248636	0.001229256299938537	2.4640859473178423e-05	0.0002581477896095515	0.0	0.0	0.0	0.00023121387283236994	0.0	0.0	0.0	0.0	0.00014294903866771496	0.0	0.0	6.53851183470642e-05	0.0	9.902951079421667e-05	0.0	0.0	9.622786759045419e-05	0.00015317063208414173	0.00039643211100099106	0.0008274720728175424	0.0	0.0	0.0006512536633018561	0.0	0.0	0.0	0.0	0.0	0.0	0.0
Odoribacter	0.0	0.0	0.0	0.0026500389711613397	0.005531653349723417	0.0	0.004065827686350437	0.004087889626980072	0.0077145612343297995	0.0010366722819748608	0.0006936416184971098	0.0026865671641791043	0.001712512041100289	0.0038115038115038124	0.0016501650165016502	0.0	0.0	0.0	0.0	0.0	3.3009836931405556e-05	0.0	0.0	0.0	0.0011232513019503725	0.001585728444003964	0.002482416218452627	0.00029008630067445067	0.0018270401948842874	0.0	0.0	0.0	0.0	0.0	0.0	0.0005387931034482759	0.0
Bacteroides	0.1706480304955507	0.09060589216231223	0.4026988636363711	0.2143413873733374	0.16963736939151738	0.36446295246779725	0.12481445627621358	0.18446601941747476	0.11282545805207386	0.16716340546844563	0.055028901734104026	0.03044776119402981	0.4471797067323338	0.40921690921691617	0.1462046204620462	0.05639339575441323	0.016361619523017186	0.31459797033567555	0.1618935530273306	0.08817340067340121	0.11791113751897221	0.17454508488360662	0.0	0.1784064665126953	0.05968548963545331	0.06501486620416222	0.052544476623913816	0.02487490028283423	0.15468940316686922	0.05893845652881821	0.03292560321715819	0.08649289099526118	0.3198992443324948	0.002604166666666668	0.13078427112752528	0.1724137931034489	0.027374533388635398
Pilibacter	0.0	0.0	0.0	0.0004676539360872954	0.0	0.0	0.00012907389480477574	0.001021972406745018	0.0	0.0	0.00023121387283236994	0.0	0.0	0.0	0.0	7.147451933385748e-05	0.0	0.0	0.0	0.0	0.0	0.0	0.0	0.0	0.0	0.0	0.0	0.0	0.0009135200974421437	0.0	0.0	0.0	0.0	7.891414141414142e-05	0.0	0.0	0.0
Murdochiella	0.0	0.0	0.0	0.0001558846453624318	0.0	0.0	0.0	0.0	0.0	0.0	0.0	0.0	0.0	0.0	0.0	0.0	0.0	0.0	6.53851183470642e-05	0.0	0.0	0.0	0.0	0.0	0.0	0.0	0.0	0.0	0.0	0.0	0.0	0.0	0.0	0.0	0.0	0.0	0.0
Magnetospira	0.0	0.0	0.0	0.0003117692907248636	0.0	0.0	0.00012907389480477574	0.0	0.0	0.0	0.0	0.0	0.0	0.0	0.0	0.0	0.0	0.0	0.0	0.0	0.0	0.0	0.0	0.0	0.0	0.0	0.0	0.0	0.0	0.0	0.0	0.0	0.0	0.0	0.0	0.0	0.0
Clostridium III	0.0	0.0	0.0	0.0	0.0	0.0	0.0	0.000510986203372509	0.0	0.0	0.0	0.0	0.0	0.0	0.0	0.0	0.0	0.0	0.0	0.0	0.0	0.0	0.0	0.0	0.0	0.0	0.0	0.0	0.0	0.0	0.0	0.0	0.0	0.0	0.0	0.0	0.0
Geosporobacter	0.00012706480304955527	0.0	0.0003551136363636364	0.0	0.0	0.0	0.0001936108422071636	0.0	0.0	0.0	0.0	0.0	0.0	0.0	0.0	0.0	0.0	0.0	0.0	0.0	0.0	0.0	0.0	0.0	0.0	0.0	0.0	0.0	0.0	0.0	0.0	0.0	0.0	0.0	0.0	0.0	0.0
Marvinbryantia	0.000889453621346887	0.0011117287381878821	0.001065340909090909	0.011535463756819967	0.005531653349723417	0.002464085947317838	0.0005162955792191031	0.000510986203372509	0.0038572806171648993	0.002980432810677726	0.0036994219653179177	0.0023880597014925373	0.0029968960719255057	0.005197505197505198	0.022772277227722734	0.012793938960760472	0.021907931225734874	0.008977361436377835	0.01693474565188966	0.010942760942760952	0.0180563808014788	0.0014231981295110298	0.02757399443460658	0.021266358737490377	0.009343408557132627	0.00733399405351834	0.012825817128671911	0.0021031256798897677	0.0006090133982947625	0.0	0.006451072386058985	0.0014218009478672987	0.0006297229219143577	0.023989898989898895	0.012383228329350423	0.0032327586206896556	0.004147656574035669
Butyrivibrio	0.00216010165184244	0.0005558643690939411	0.0007102272727272727	0.005300077942322682	0.002458512599877074	0.0005667397678831037	0.0001936108422071636	0.000510986203372509	0.0	0.0	0.0	0.0	0.00010703200256876806	0.0	0.00033003300330033004	0.0007862197126724322	0.0013865779256794233	0.0	0.00019615535504119262	0.00021043771043771043	0.0009242754340793555	0.000609942055504727	0.0	0.0022132409545804472	0.0005616256509751861	0.00039643211100099106	0.0008274720728175424	0.0013053883530350283	0.0	0.0	0.0008378016085790886	0.001184834123222749	0.0	0.00015782828282828284	0.0	0.0	0.0
Ruminococcus2	0.01982210927573057	0.02556976097832131	0.00852272727272727	0.012159002338269696	0.00860479409956976	0.033486928024050074	0.05969667634720915	0.03270311701584055	0.07425265188042438	0.025528054943630852	0.027514450867052013	0.039999999999999925	0.05169645724071431	0.03291753291753289	0.05940594059405957	0.03237795725823774	0.057958957293399845	0.03317720530835288	0.03380410618543253	0.025673400673400654	0.04637882088862569	0.039951204635559595	0.12420946116873359	0.019341801385681274	0.01317267435923616	0.01684836471754213	0.04840711625982612	0.04880702008847656	0.013702801461632164	0.010094431781178763	0.04230898123324399	0.03957345971563985	0.005667506297229218	0.034564393939393825	0.050836411036281	0.06734913793103435	0.02571547075902113
Limibacter	0.0	0.0	0.0	0.0	0.0	0.0	0.0	0.0	0.0	0.0	0.0	0.0	0.0	0.0	0.0	0.0	0.0	0.0	0.0	0.0	0.0	0.0	0.0	0.0	0.0	0.0	0.0	0.0	0.0003045066991473812	0.0	0.0	0.0	0.0	0.0	0.0	0.0	0.0
Anaerosinus	0.0	0.0	0.0	0.0	0.0	0.0	0.0	0.0	0.0	0.0	0.0	0.0	0.0	0.0	0.0	0.0	0.0	0.0	0.0	0.0	0.0	0.0	0.0	0.0	5.1056877361380575e-05	0.0	0.0	0.0	0.0	0.0	0.0	0.0	0.0	0.0	0.0	0.0	0.0
Dehalospirillum	0.00012706480304955527	0.0	0.0	0.0	0.0	0.0	0.0	0.0	0.0	0.0	0.0	0.0	0.0	0.0	0.0	0.0	0.0	0.0	0.0	0.0	0.0	0.0	0.0	0.0	0.0	0.0	0.0	0.0	0.0	0.0	0.0	0.0	0.0	0.0	0.0	0.0	0.0
Gordonibacter	0.0007623888182973317	0.0011117287381878821	0.0003551136363636364	0.0017147310989867495	0.002458512599877074	0.00029569031367814106	0.006389157792836401	0.000510986203372509	0.0077145612343297995	0.0002591680704937152	0.00023121387283236994	0.00029850746268656717	0.00010703200256876806	0.0	0.00033003300330033004	7.147451933385748e-05	0.0	0.0	0.00019615535504119262	0.0	3.3009836931405556e-05	0.0	0.0	0.0	0.0	0.0	0.0004137360364087712	0.0	0.0	0.0	0.0	0.0	0.0	0.0	0.00021724961981316532	0.0	0.00041476565740356696
Butyricicoccus	0.006099110546378655	0.014452473596442464	0.004971590909090909	0.007638347622759164	0.004917025199754148	0.004435354705172104	0.008712487899322365	0.004087889626980072	0.006268081002892962	0.003110016845924584	0.0016184971098265892	0.0011940298507462687	0.001712512041100289	0.0	0.0023102310231023103	0.0027160317346865844	0.0022185246810870773	0.00312256049960968	0.004642343402641558	0.00568181818181818	0.0026737967914438544	0.001219884111009454	0.0	0.0015396458814472675	0.05207801490860788	0.003369672943508423	0.013653289201489454	0.0030459061570817327	0.003349573690621193	0.0029306414848583526	0.0018431635388739954	0.00047393364928909954	0.0037783375314861456	0.0003156565656565657	0.000651748859439496	0.0032327586206896556	0.004977187888842802
Finegoldia	0.0003811944091486658	0.0005558643690939411	0.0	0.002961808261886203	0.0018438844499078055	0.00140452898997117	0.004711197160374316	0.006642820643842615	0.0014464802314368371	0.0	0.00046242774566473987	0.00029850746268656717	0.00010703200256876806	0.0024255024255024258	0.005280528052805281	0.0008576942320062897	0.0	0.00039032006245121	0.0001307702366941284	0.00021043771043771043	9.902951079421667e-05	0.0	0.0	9.622786759045419e-05	5.1056877361380575e-05	0.0	0.0	0.00014504315033722533	0.0	0.0	0.0	0.0	0.0	0.0	0.0	0.0005387931034482759	0.0012442969722107008
Anaerovorax	0.0003811944091486658	0.0	0.0014204545454545455	0.0003117692907248636	0.001229256299938537	0.0007392257841953527	0.0021297192642788	0.001021972406745018	0.0028929604628736743	0.006867953868083461	0.007630057803468205	0.001791044776119403	0.0	0.000693000693000693	0.0006600660066006601	0.0003573725966692874	0.000831946755407654	0.0	0.0007192363018177062	0.00042087542087542086	0.0003631082062454611	0.0	0.0	0.0009622786759045419	0.0013274788113958951	0.0009910802775024777	0.0045510964004964825	0.0026832982812386693	0.0	0.0	0.0015080428954423598	0.0009478672985781991	0.0	0.0	0.0	0.0	0.0008295313148071339
Pseudoflavonifractor	0.0013977128335451083	0.0005558643690939411	0.002485795454545455	0.0031176929072486348	0.002458512599877074	0.0008624300815612448	0.00703452726686028	0.012774655084312728	0.008678881388621024	0.0003887521057405728	0.00046242774566473987	0.00029850746268656717	0.00032109600770630417	0.001386001386001386	0.0006600660066006601	0.00042884711600314486	0.0	0.0	0.0013730874852883482	0.00021043771043771043	0.0006271869016967055	0.0	0.0	0.0014434180138568132	0.00045951189625242504	0.00039643211100099106	0.0008274720728175424	0.0005076510261802888	0.0	0.0	8.378016085790885e-05	0.00023696682464454977	0.0	0.0	0.0	0.0	0.0
Propionibacterium	0.0	0.0	0.0	0.0	0.0	0.0	0.0	0.0	0.0	0.0	0.00046242774566473987	0.0	0.0	0.0	0.0	0.0	0.0	0.0	0.0	0.0	0.0	0.0	0.0	0.0	0.0	0.0	0.0	0.0	0.0	0.0	0.0	0.0	0.0	0.0	0.0	0.0	0.0
Peptoniphilus	0.0	0.0	0.0	0.0	0.0	0.0	0.0	0.0	0.0	0.0	0.0	0.0	0.0	0.0003465003465003465	0.0	7.147451933385748e-05	0.0	0.0	0.0	0.0	0.0	0.0	0.0	0.0	5.1056877361380575e-05	0.0	0.0	0.00014504315033722533	0.0	0.0	0.00025134048257372655	0.0	0.0	0.0	0.0	0.0	0.0
Papillibacter	0.01461245235069886	0.026125625347415252	0.0003551136363636364	0.010600155884645374	0.011677934849416103	0.0001232042973658921	0.0280735721200384	0.018395503321410323	0.058341369334619024	0.0001295840352468576	0.0006936416184971098	0.0	0.00021406400513753612	0.0	0.0	0.0	0.0	0.0	6.53851183470642e-05	0.0	0.0	0.0	0.0	0.0	0.00010211375472276115	0.0	0.0	7.252157516861267e-05	0.0	0.0	0.0	0.0	0.0	0.0	0.0	0.0	0.0
Haemophilus	0.0	0.0	0.0	0.0	0.0	0.0	0.0	0.0	0.0	0.0	0.0	0.0	0.0	0.0	0.0	0.0	0.0	0.00039032006245121	0.0	0.0	0.0	0.0002033140185015757	0.0	0.0	0.0	0.0	0.0	0.0	0.0	0.0	0.0	0.0	0.0	0.0	0.0	0.0	0.0
Leminorella	0.0	0.0	0.0	0.0001558846453624318	0.0	0.0	0.0025814778960955155	0.020439448134900354	0.0	0.0	0.0	0.0	0.0	0.0	0.0	0.0	0.0	0.0	0.0	0.0	0.0	0.0	0.0	0.0	0.0	0.0	0.0	0.0	0.0	0.0	0.0	0.0	0.0	0.0	0.0	0.0	0.0
Butyricimonas	0.000889453621346887	0.0	0.0028409090909090914	0.0010911925175370227	0.0006146281499692685	0.0	0.0	0.0	0.0	0.002332512634443437	0.0013872832369942194	0.0	0.00042812801027507225	0.001386001386001386	0.00033003300330033004	7.147451933385748e-05	0.0	0.0	0.0	0.0	0.0	0.0	0.0	0.0	0.0	0.0	0.0	0.0	0.0	0.0	0.0	0.0	0.0	0.0	0.0	0.0	0.0
Acetobacterium	0.0	0.0	0.0	0.0	0.0	0.0	6.453694740238787e-05	0.0	0.0	0.0	0.0	0.0	0.0	0.0	0.0	0.0	0.0	0.0	0.0017653981953707333	0.00021043771043771043	0.0	0.0	0.0	0.0	0.0	0.0	0.0	0.0	0.0	0.0	0.0	0.0	0.0	0.0	0.0	0.0	0.0
Acetivibrio	0.00012706480304955527	0.0005558643690939411	0.0	0.002026500389711613	0.0018438844499078055	0.00140452898997117	0.005872862213617298	0.002554931016862545	0.0009643201542912247	0.0001295840352468576	0.0	0.0	0.0	0.0	0.0009900990099009901	0.0	0.0	0.0	0.0	0.00021043771043771043	0.00023106885851983887	0.0	0.0	0.0	5.1056877361380575e-05	0.0	0.0004137360364087712	0.0007252157516861268	0.0	0.0	0.0	0.0	0.0	0.0	0.0	0.0	0.0008295313148071339
Catenibacterium	0.0	0.0	0.0	0.0	0.0	0.0	0.0	0.0	0.0	0.0	0.0	0.0	0.0	0.0	0.0	0.0	0.0	0.0	0.0	0.0	0.0	0.0	0.0	0.0	0.0	0.0	0.0	0.0	0.0	0.0	0.07607238605898015	0.14407582938388735	0.13035264483627249	0.0	0.0	0.0	0.0
Olsenella	0.0	0.0	0.0	0.0	0.0	0.0	0.0	0.0	0.0	0.0	0.0	0.0005970149253731343	0.0	0.0	0.0	0.0	0.0	0.0	0.0	0.0	0.0	0.0	0.0	0.0	0.0	0.0	0.0	0.15309304518093686	0.05968331303288683	0.0	0.0	0.0	0.0	0.0	0.0	0.0	0.0
Anaerovirgula	0.00012706480304955527	0.0	0.0	0.0	0.0	7.392257841953527e-05	6.453694740238787e-05	0.0	0.0	0.0	0.0	0.0	0.0	0.0	0.0	0.0	0.0	0.0	0.0	0.0	6.601967386281111e-05	0.0	0.0	0.0	0.0	0.0	0.0	0.0	0.0	0.0	0.0	0.0	0.0	0.0	0.0	0.0	0.0
Fulvivirga	0.0	0.0	0.0	0.0001558846453624318	0.0	0.0	0.00012907389480477574	0.0	0.0	0.0	0.0	0.0	0.0	0.0	0.0	0.0	0.0	0.0	0.0	0.0	3.3009836931405556e-05	0.0	0.0	0.0	0.0	0.0	0.0	7.252157516861267e-05	0.0	0.0	0.0	0.0	0.0	0.0	0.0	0.0	0.0
Robinsoniella	0.001270648030495553	0.0005558643690939411	0.0	0.0004676539360872954	0.001229256299938537	0.00039425375157085477	0.0005162955792191031	0.0	0.0009643201542912247	0.000647920176234288	0.00046242774566473987	0.0	0.0011773520282564486	0.0003465003465003465	0.0013201320132013201	0.0015724394253448654	0.000831946755407654	0.00078064012490242	0.0007846214201647704	0.00042087542087542086	0.0005281573909024889	0.0018298261665141812	0.000758917278016696	0.001058506543494996	0.00035739814152966395	0.0	0.0004137360364087712	0.0005801726013489014	0.0	0.00032562683165092806	0.004189008042895444	0.0030805687203791466	0.0050377833753148605	0.0003156565656565657	0.00021724961981316532	0.0010775862068965517	0.0012442969722107008
Caldicoprobacter	0.0	0.0	0.0	0.0001558846453624318	0.0	0.0	0.0001936108422071636	0.0	0.0	0.0	0.0	0.0	0.0	0.0	0.0	0.0	0.0	0.0	0.0	0.0	0.0	0.0	0.0	0.0	0.0	0.0	0.0	0.0	0.0	0.0	0.0	0.0	0.0	0.0	0.0	0.0	0.0
Desulfocurvus	0.0	0.0	0.0	0.0001558846453624318	0.0	0.0	0.0	0.0	0.0	0.0	0.0	0.0	0.0	0.0	0.0	0.0	0.0	0.0	0.0	0.0	0.0	0.0	0.0	0.0	0.0	0.0	0.0	0.0	0.0	0.0	0.0	0.0	0.0	0.0	0.0	0.0	0.0
Bifidobacterium	0.00025412960609911054	0.0	0.0	0.0	0.0	0.0	0.0	0.0	0.00048216007714561236	0.0001295840352468576	0.0	0.0	0.0	0.0	0.0	0.0	0.0	0.0	0.0	0.00021043771043771043	0.0	0.0	0.0005059448520111307	0.0014434180138568132	5.1056877361380575e-05	0.00019821605550049553	0.0012412081092263135	0.002465733555732831	0.0009135200974421437	0.0	0.00041890080428954424	0.0	0.0006297229219143577	0.00047348484848484855	0.00043449923962633063	0.0	0.00041476565740356696
Fastidiosipila	0.003939008894536214	0.0	0.0	0.0048324240062353856	0.0036877688998156115	0.0008624300815612448	0.001097128105840594	0.0	0.0009643201542912247	0.0003887521057405728	0.0	0.0005970149253731343	0.00010703200256876806	0.0017325017325017325	0.0046204620462046205	0.0027875062540204418	0.0	0.00234192037470726	0.0020269386687589903	0.0023148148148148143	0.006172839506172865	0.003862966351529938	0.0050594485201113076	0.0011547344110854503	0.0025528438680690285	0.001585728444003964	0.0008274720728175424	0.00036260787584306336	0.0003045066991473812	0.0	0.0028485254691689023	0.00047393364928909954	0.0	0.002761994949494951	0.00021724961981316532	0.0032327586206896556	0.0
Fusobacterium	0.0	0.0	0.0	0.0	0.0	0.0	0.0	0.0	0.0	0.0	0.0	0.0	0.0	0.0	0.0	0.0	0.0	0.0	0.0	0.0	0.0	0.0	0.0	0.0	0.0	0.0	0.0	7.252157516861267e-05	0.0	0.0	0.0	0.0	0.0	0.0	0.0	0.0	0.0
Desulfocella	0.0	0.0	0.0	0.0	0.0	0.0	0.0	0.000510986203372509	0.0	0.0	0.0	0.0	0.0	0.0	0.0	0.0	0.0	0.0	0.0	0.0	0.0	0.0	0.0	0.0	0.0	0.0	0.0	0.0	0.0	0.0	0.0	0.0	0.0	0.0	0.0	0.0	0.0
Ethanoligenens	0.00025412960609911054	0.0	0.003906250000000001	0.02120031176929076	0.011677934849416103	0.0010102752384003153	0.004646660212971928	0.0015329586101175269	0.005303760848601737	0.0033691849164182996	0.0	0.0	0.0	0.0027720027720027724	0.00033003300330033004	0.0	0.0	0.0	0.0014384726036354124	0.0018939393939393936	0.0032019541823463467	0.00010165700925078785	0.0	0.0006735950731331793	5.1056877361380575e-05	0.00039643211100099106	0.0008274720728175424	0.0023932119805642185	0.0	0.0	0.00041890080428954424	0.0	0.0	0.0	0.0	0.0	0.0012442969722107008
Rothia	0.0	0.0	0.0	0.0	0.0	0.0	0.0	0.0	0.0	0.0	0.0	0.00029850746268656717	0.0	0.0	0.0	0.0	0.0	0.0	0.0	0.0	3.3009836931405556e-05	0.0	0.0	0.0	0.0	0.0	0.0	0.0	0.0	0.0	8.378016085790885e-05	0.0	0.0	0.0	0.0	0.0	0.0
Kosakonia	0.0	0.0	0.0	0.0	0.0	0.0	0.0	0.0	0.0	0.0	0.0	0.0	0.0	0.0	0.0	0.0	0.0	0.0	0.0	0.0	0.0	0.0	0.0	0.0	0.0	0.0	0.0	0.0	0.0	0.0	0.0	0.0	0.0006297229219143577	0.0	0.0	0.0	0.0
Clostridium XI	0.0005082592121982211	0.0005558643690939411	0.0	0.0015588464536243178	0.0	0.0	0.003420458212326558	0.008686765457332652	0.004339440694310512	0.0001295840352468576	0.0025433526011560685	0.00029850746268656717	0.010275072246601734	0.004158004158004159	0.0009900990099009901	0.003073404331355871	0.0013865779256794233	0.020296643247462935	0.002550019615535504	0.006102693602693601	0.00013203934772562222	0.001321541120260242	0.0037945863900834794	0.02040030792917628	0.00730113346267741	0.004955401387512389	0.03599503516756303	0.0060918123141634525	0.0	0.0019537609899055682	0.003099865951742629	0.002369668246445498	0.004408060453400503	0.011600378787878797	0.00043449923962633063	0.0016163793103448276	0.0008295313148071339
Anaerosporobacter	0.00216010165184244	0.0005558643690939411	0.0	0.0	0.0006146281499692685	0.00014784515683907053	0.00012907389480477574	0.0	0.0	0.0	0.0	0.0	0.0	0.0	0.0	0.0	0.0	0.00078064012490242	0.0	0.0	0.00013203934772562222	0.0	0.0	0.0	0.0005105687736138056	0.00019821605550049553	0.0008274720728175424	0.0	0.0	0.0	0.0	0.0	0.0	0.0	0.0	0.0	0.0
Succinispira	0.0	0.0	0.0	0.0	0.0	0.0	0.0	0.0	0.0	0.0001295840352468576	0.00046242774566473987	0.0011940298507462687	0.0	0.0	0.0	0.0	0.0	0.0	0.0	0.0	0.0	0.0	0.0	0.0	0.0	0.0	0.0	0.0	0.0	0.0	0.0006702412868632708	0.015639810426540304	0.0	0.0	0.0	0.0	0.0
Alkalitalea	0.0003811944091486658	0.0	0.0003551136363636364	0.0009353078721745908	0.003073140749846343	0.0	6.453694740238787e-05	0.0	0.0	0.0	0.0	0.0	0.0	0.0	0.0	0.0	0.0	0.0	0.0	0.0	0.0	0.0	0.0	0.0	0.0	0.0	0.0	0.0	0.0	0.0	0.0005864611260053619	0.009952606635071094	0.0006297229219143577	0.0	0.0	0.0	0.00041476565740356696
Coriobacterium	0.0	0.0	0.0	0.0	0.0	2.4640859473178423e-05	0.0	0.0	0.0	0.0	0.0	0.0	0.0	0.0	0.0	0.0	0.0	0.0	0.0	0.0	0.0	0.0	0.0	0.0	0.0	0.0	0.0004137360364087712	0.0	0.0	0.0	0.0003351206434316354	0.00023696682464454977	0.0	0.0	0.0	0.0	0.0
Anaerosphaera	0.0003811944091486658	0.0	0.0	0.0	0.0	0.0	0.000580832526621491	0.004087889626980072	0.00048216007714561236	0.0	0.0	0.0	0.0	0.0	0.0	0.0	0.0	0.0	0.0	0.0	0.0	0.0	0.0	0.0	0.0	0.0	0.0	0.0	0.0	0.0	0.0	0.0	0.0	0.0	0.0	0.0	0.0
Erysipelotrichaceae_incertae_sedis	0.00012706480304955527	0.0005558643690939411	0.0166903409090909	0.0003117692907248636	0.001229256299938537	0.0002217677352586058	0.006324620845434013	0.005620848237097598	0.004339440694310512	0.0001295840352468576	0.0	0.027761194029850715	0.0008562560205501445	0.001386001386001386	0.00033003300330033004	0.001786862983346438	0.0030504714364947318	0.0	0.0004576958284294494	0.0006313131313131313	0.0008912655971479499	0.0009149130832570906	0.000758917278016696	0.003464203233256353	0.0008679669151434694	0.00039643211100099106	0.0	0.0008702589020233522	0.0	0.0	0.06668900804289513	0.07085308056872074	0.001889168765743073	0.0006313131313131314	0.0023897458179448186	0.00538793103448276	0.005391953546246369
Saccharibacteria_genera_incertae_sedis	0.0	0.0	0.0	0.0	0.0	0.0	0.0	0.0	0.0	0.0	0.0	0.0	0.0	0.0	0.0	7.147451933385748e-05	0.0	0.0	0.0	0.0	0.0	0.0	0.0	0.0	0.0	0.0	0.0	0.0	0.0003045066991473812	0.0	0.0	0.0	0.0	7.891414141414142e-05	0.0	0.0	0.0
Clostridium IV	0.0072426937738246525	0.0038910505836575867	0.02024147727272726	0.06562743569758377	0.06637984019668082	0.03077643348200033	0.06253630203291428	0.05723045477772109	0.04869816779170679	0.013087987559932636	0.0013872832369942194	0.004776119402985073	0.0009632880231189126	0.021483021483021475	0.03564356435643562	0.002215710099349583	0.0022185246810870773	0.00273224043715847	0.006996207663135869	0.013257575757575775	0.02687000726216437	0.006506048592050412	0.009865924614217047	0.053791377983064215	0.007811702236291214	0.009910802775024785	0.03682250724038057	0.011240844151134964	0.003654080389768574	0.0029306414848583526	0.02404490616621985	0.009715639810426543	0.016372795969773302	0.0029198232323232338	0.0030414946773843145	0.039870689655172396	0.02820406470344253
Acanthopleuribacter	0.0	0.0	0.0	0.0	0.0	2.4640859473178423e-05	0.0	0.0	0.0	0.0	0.0	0.0005970149253731343	0.0	0.0	0.0	7.147451933385748e-05	0.0	0.0	6.53851183470642e-05	0.0	3.3009836931405556e-05	0.0	0.0005059448520111307	0.0	0.00025528438680690285	0.0	0.0	0.0	0.0	0.0	0.0	0.0	0.0	7.891414141414142e-05	0.0	0.0005387931034482759	0.0
Asaccharobacter	0.0	0.0	0.0007102272727272727	0.0001558846453624318	0.003073140749846343	7.392257841953527e-05	0.0012262020006453698	0.000510986203372509	0.0	0.0001295840352468576	0.00046242774566473987	0.00029850746268656717	0.0	0.0017325017325017325	0.00033003300330033004	0.0	0.0	0.0	0.0012423172485942198	0.004840067340067339	0.0006271869016967055	0.0	0.0	0.0	0.0	0.0	0.0	7.252157516861267e-05	0.0	0.0	0.0	0.0	0.0	0.0	0.0	0.0	0.0
Collinsella	0.0015247776365946636	0.0022234574763757642	0.0	0.0	0.0	0.0	0.013294611164891905	0.004598875830352581	0.011089681774349082	0.0020733445639497215	0.007861271676300576	0.013432835820895531	0.0	0.0	0.0	0.001286541348009435	0.014143094841930109	0.011709601873536308	0.000653851183470642	0.009259259259259262	0.015382584010034875	0.003964623360780726	0.0159372628383506	0.013471901462663548	0.002042275094455224	0.0005946481665014866	0.020686801820438548	0.04583363550656342	0.004263093788063336	0.11136437642461708	0.005948391420911531	0.05213270142180112	0.0	0.031723484848484654	0.10797306104714292	0.025323275862068978	0.0012442969722107008
Lachnobacterium	0.000889453621346887	0.0005558643690939411	0.0	0.0004676539360872954	0.002458512599877074	0.00039425375157085477	0.0026460148434979034	0.0015329586101175269	0.0014464802314368371	0.0005183361409874304	0.0011560693641618496	0.0	0.0011773520282564486	0.0010395010395010396	0.0006600660066006601	0.0007862197126724322	0.0011092623405435386	0.0	0.0003923107100823852	0.00042087542087542086	0.0021126295636099564	0.0010165700925078784	0.000758917278016696	0.00038491147036181676	0.00091902379250485	0.00039643211100099106	0.0016549441456350847	0.0010153020523605775	0.0003045066991473812	0.0016281341582546403	0.0005026809651474531	0.0	0.0	0.0003156565656565657	0.0008689984792526613	0.0	0.0008295313148071339
Oscillibacter	0.00838627700127065	0.009449694274596996	0.003196022727272728	0.08402182385034994	0.10633066994468306	0.03755266983712469	0.10693772184575358	0.06847215125191626	0.07955641272902618	0.0076454580795646074	0.0006936416184971098	0.004477611940298506	0.003639088087338114	0.011434511434511439	0.0023102310231023103	0.0023586591380172976	0.0013865779256794233	0.00039032006245121	0.0024846344971884396	0.0031565656565656556	0.00722915428797785	0.0008132560740063028	0.00025297242600556537	0.0016358737490377217	0.002246502603900746	0.009117938553022802	0.01654944145635085	0.06026542896511743	0.08434835566382426	0.0016281341582546403	0.0012567024128686331	0.0009478672985781991	0.0012594458438287153	0.0008680555555555555	0.0021724961981316533	0.0016163793103448276	0.0016590626296142678
Natranaerovirga	0.0	0.0	0.0	0.0	0.0	0.00019712687578542738	0.0	0.0	0.0	0.0	0.0	0.0	0.0	0.0	0.0	0.0	0.0	0.0	0.0	0.0	0.0	0.0	0.0	0.0	0.0	0.0	0.0	0.0	0.0	0.0	0.0	0.0	0.0	0.0	0.0	0.0	0.0
Paenibacillus	0.0	0.0	0.0	0.0	0.0	0.0	0.0	0.0	0.0	0.0	0.0	0.0	0.0	0.0	0.0	0.0	0.0	0.0	0.0	0.0	9.902951079421667e-05	0.0	0.0	0.0	0.0	0.0	0.0	0.0	0.0	0.0	0.0	0.0	0.0	0.0	0.0	0.0	0.0
Shimwellia	0.0	0.0	0.0028409090909090914	0.0	0.0	0.0	0.0	0.0	0.0	0.0	0.0	0.0	0.0	0.0	0.0	0.0	0.0	0.0	0.0	0.0	0.0	0.0	0.0	0.0	0.0	0.0	0.0	0.0	0.0	0.0	0.0	0.0	0.0	0.0	0.0	0.0	0.0
Magnetococcus	0.0	0.0	0.0	0.0006235385814497272	0.0	0.0	0.0	0.0	0.0	0.0	0.0	0.0	0.0	0.0	0.0	0.0	0.0	0.0	0.0	0.0	0.0	0.0	0.0	0.0	0.0010721944245889918	0.0	0.0	0.0	0.0	0.0	0.0	0.0	0.0	0.0	0.0	0.0	0.0
Lachnospira	0.0031766200762388826	0.0038910505836575867	0.0	0.0	0.0	0.0003203311731513195	0.001161665053242982	0.0	0.0	0.004276273163146304	0.004161849710982658	0.0023880597014925373	0.004495344107888258	0.0017325017325017325	0.0036303630363036304	0.009649060110070749	0.008319467554076537	0.00468384074941452	0.010527004053877336	0.002735690235690235	0.004489337822671171	0.007319304666056711	0.018214014672400684	0.0007698229407236335	0.007199019707954649	0.001585728444003964	0.0004137360364087712	0.00043512945101167606	0.0006090133982947625	0.0	0.004189008042895444	0.00047393364928909954	0.0	0.0050505050505050475	0.0017379969585053225	0.0021551724137931034	0.0008295313148071339
Catonella	0.0	0.0	0.0	0.0	0.0	4.9281718946356846e-05	0.0	0.0	0.00048216007714561236	0.0	0.0	0.0	0.0	0.0	0.0	7.147451933385748e-05	0.0	0.0	0.00019615535504119262	0.0	0.00013203934772562222	0.0	0.0	0.0	5.1056877361380575e-05	0.0	0.0	0.0	0.0	0.0	0.0	0.0	0.0	0.0	0.0	0.0	0.0
Enterococcus	0.013341804320203307	0.0	0.0003551136363636364	0.0	0.0	0.0	0.0	0.0	0.0	0.0	0.0	0.0	0.0	0.0	0.0	0.0	0.0	0.0	0.0	0.0	0.0	0.0	0.0	0.0	0.0	0.0	0.0	0.0	0.0	0.0006512536633018561	0.0	0.0	0.0	0.0	0.0	0.0	0.0
Hallella	0.0	0.0	0.0	0.0	0.0	0.0	0.0	0.0	0.0	0.0001295840352468576	0.00046242774566473987	0.0	0.0	0.0	0.0	0.0	0.0	0.0	0.0	0.0	0.0	0.0	0.0	0.0	5.1056877361380575e-05	0.0	0.0	0.0	0.0003045066991473812	0.0	0.0	0.0	0.0	0.0	0.0	0.0	0.0
Tannerella	0.0	0.0	0.0	0.0	0.0	0.0	0.0	0.0	0.0	0.0	0.0	0.0	0.0	0.0	0.0	0.0	0.0	0.0	0.0	0.0	0.0	0.0	0.0	0.0	0.0	0.0	0.0	0.0	0.0	0.0	0.0	0.00023696682464454977	0.0	0.0	0.0	0.0	0.0
Akkermansia	0.0	0.0	0.008167613636363634	0.0012470771628994544	0.001229256299938537	0.0027597762609959764	0.010842207163601165	0.004598875830352581	0.006268081002892962	0.0011662563172217184	0.0	0.0005970149253731343	0.0	0.0	0.0	0.00021442355800157246	0.000831946755407654	0.0	0.0015038577219824766	0.002735690235690235	0.0	0.0	0.00025297242600556537	0.0019245573518090846	0.0024507301133462676	0.0007928642220019821	0.002482416218452627	0.015011966059902846	0.0003045066991473812	0.0	8.378016085790885e-05	0.0030805687203791466	0.0	0.0	0.0	0.0	0.0
Brassicibacter	0.0	0.0	0.0	0.0	0.0	7.392257841953527e-05	6.453694740238787e-05	0.0	0.0	0.0	0.0	0.0	0.0	0.0	0.0	0.0	0.0	0.0	0.0	0.0	0.0	0.0	0.0	0.0	0.0	0.0	0.0	0.0	0.0	0.0	0.0	0.0	0.0	0.0	0.0	0.0	0.0
Clostridium XIX	0.0	0.0	0.0	0.0	0.0	0.0	0.0	0.0	0.0	0.0	0.0	0.0	0.0	0.0	0.0	0.0	0.0	0.0	0.0	0.0	0.0	0.0	0.0	0.0	0.0	0.0	0.0	0.0	0.0	0.0	0.0	0.0	0.0	0.00023674242424242425	0.00934173365196611	0.005926724137931036	0.0
Oxobacter	0.00012706480304955527	0.0	0.0	0.0	0.0	0.0	0.0008389803162310426	0.004598875830352581	0.0	0.0	0.0	0.0	0.0	0.0	0.0	0.0	0.0	0.0	0.0	0.0	0.0	0.0	0.0	0.0	0.0	0.0	0.0	0.0	0.0	0.0	0.0	0.0	0.0	0.0	0.0	0.0	0.0
